LABEL,ID,TRACK_ID,QUALITY,POSITION_X,POSITION_Y,POSITION_Z,POSITION_T,FRAME,RADIUS,VISIBILITY,MANUAL_SPOT_COLOR,MEAN_INTENSITY_CH1,MEDIAN_INTENSITY_CH1,MIN_INTENSITY_CH1,MAX_INTENSITY_CH1,TOTAL_INTENSITY_CH1,STD_INTENSITY_CH1,CONTRAST_CH1,SNR_CH1
Label,Spot ID,Track ID,Quality,X,Y,Z,T,Frame,Radius,Visibility,Manual spot color,Mean intensity ch1,Median intensity ch1,Min intensity ch1,Max intensity ch1,Sum intensity ch1,Std intensity ch1,Contrast ch1,Signal/Noise ratio ch1
Label,Spot ID,Track ID,Quality,X,Y,Z,T,Frame,R,Visibility,Spot color,Mean ch1,Median ch1,Min ch1,Max ch1,Sum ch1,Std ch1,Ctrst ch1,SNR ch1
,,,(quality),(micron),(micron),(micron),(sec),,(micron),,,(counts),(counts),(counts),(counts),(counts),(counts),,
ID197826,197826,1,217.456787109375,5.062411546340663,17.9702375606264,1.1148361294525204,1.946867469879518,5,0.15,1,,1424.3809523809523,1351.0,597.0,2421.0,29912.0,565.642420278967,0.2580833072214032,1.0331531319857912
ID197730,197730,1,207.96923828125,4.7945150147312585,17.566025692634568,1.4845631957673633,4.28310843373494,11,0.15,1,,1610.5238095238096,1498.0,737.0,2820.0,33821.0,613.5377428526805,0.3027216911000008,1.219966084914458
ID197633,197633,1,145.07342529296875,5.068082676391421,17.91258806238839,1.3233489397867704,0.0,0,0.15,1,,1108.5714285714287,1020.0,443.0,1801.0,23280.0,413.6849733104372,0.18643549521450636,0.8421867422739427
ID197713,197713,1,185.81268310546875,5.191741391613214,17.853978699069945,0.9651804180780686,0.3893734939759036,1,0.15,1,,1214.2857142857142,1126.0,210.0,2346.0,25500.0,595.9067999995589,0.18355554008424127,0.6320499399287538
ID197776,197776,1,233.20849609375,4.833505166838204,17.61305848240552,1.9651691514709473,3.5043614457831325,9,0.15,1,,1591.4285714285713,1393.0,398.0,2908.0,33420.0,783.6073998775518,0.2632104141152991,0.8463421862831222
ID197812,197812,1,328.8314208984375,4.906361526021508,17.601571297209155,1.5004956422729343,2.725614457831325,7,0.15,1,,1918.095238095238,1851.0,435.0,3673.0,40280.0,939.527695427969,0.2566098363724282,0.8338029375750445
ID197787,197787,1,157.83612060546875,5.018975369607167,17.829145623068353,0.5608873104724139,0.7787469879518072,2,0.15,1,,1505.5238095238096,1448.0,476.0,2553.0,31616.0,563.1054625065912,0.35858623838427245,1.4113485806023287
ID197690,197690,1,159.08502197265625,4.971855468750002,17.493565538194453,1.5,3.893734939759036,10,0.15,1,,1324.7142857142858,1388.0,643.0,2004.0,27819.0,371.0814119377502,0.21100917431192664,1.2440473769144194
ID197752,197752,1,179.58154296875,5.117392600981851,17.775827632952762,0.9933276375022246,1.1681204819277107,3,0.15,1,,1254.4761904761904,1181.0,325.0,2232.0,26344.0,585.7533285477446,0.28851759826267287,0.9590905400116471
ID197656,197656,1,197.0404052734375,5.001471759653335,17.690213697586664,1.5894118998936049,2.3362409638554213,6,0.15,1,,1274.952380952381,1335.0,231.0,2288.0,26774.0,585.9964570021287,0.12462484852176144,0.4821985923127181
ID197853,197853,1,162.81488037109375,4.776284214516479,17.582165654030934,2.084808025417276,3.1149879518072288,8,0.15,1,,1173.5714285714287,1263.0,293.0,1765.0,24645.0,393.65639476941965,0.2260279083650474,1.0992182305783293
ID198211,198211,5,125.43829345703125,0.9442104214520302,24.31835099630127,1.6378838231993549,10.9024578313253,28,0.15,1,,873.8571428571429,808.0,223.0,1643.0,18351.0,425.1302489489881,0.23693203647908118,0.7874561487898224
ID197761,197761,5,158.06158447265625,0.8942159506894266,24.31261104302447,2.7766333117938227,1.1681204819277107,3,0.15,1,,913.4285714285714,872.0,197.0,1804.0,19182.0,458.18888806130724,0.1579662244759361,0.5439116753109474
ID197889,197889,5,146.146728515625,0.76494999867495,24.265030747130055,2.137660752891536,7.398096385542169,19,0.15,1,,1001.7142857142857,1019.0,145.0,1896.0,21036.0,524.3060311361241,0.2844843377908041,0.8462887309398227
ID197831,197831,5,128.36187744140625,1.0768907485669563,24.38228349558341,2.41587965836811,1.946867469879518,5,0.15,1,,795.8095238095239,782.0,282.0,1374.0,16712.0,319.38168686504537,0.14162752967295705,0.6182332584266624
ID197957,197957,5,135.8267822265625,0.6260785393759959,24.485135046002274,2.987545052248207,5.840602409638554,15,0.15,1,,862.4761904761905,853.0,375.0,1275.0,18112.0,265.4909827183626,0.16056439107534184,0.8988916181035819
ID197641,197641,5,134.69464111328125,1.0202137956719575,24.287737310346152,2.9252195900665745,0.0,0,0.15,1,,968.3333333333334,880.0,320.0,2199.0,20335.0,536.5867435311213,0.3587056382776143,0.9528570773586806
ID198029,198029,5,223.741943359375,0.917798680369084,24.247386214208003,1.5244763327749669,8.56621686746988,22,0.15,1,,1402.0,1373.0,350.0,2910.0,29442.0,780.8374350657119,0.23040275818837172,0.6724465362335513
ID198413,198413,5,150.533935546875,0.9169433980359264,24.622054416544806,2.153591240886471,14.01744578313253,36,0.15,1,,1033.952380952381,838.0,482.0,2127.0,21713.0,471.18154422584047,0.26643705580943666,0.923322201991548
ID197779,197779,5,128.60601806640625,0.7176400240741013,24.413919638243964,3.381878590138058,3.5043614457831325,9,0.15,1,,883.1428571428571,841.0,165.0,1932.0,18546.0,486.84076305443915,0.2738118541565787,0.7798677871371531
ID197907,197907,5,124.79608154296875,0.5203935479671552,24.32185927914553,2.9409465527908196,6.2299759036144575,16,0.15,1,,906.6190476190476,858.0,496.0,1338.0,19039.0,269.0077092186163,0.2267910705023084,1.246078645398035
ID198289,198289,5,194.102294921875,1.0817820285332287,24.45654616338937,2.34364783086233,12.070578313253012,31,0.15,1,,1280.2380952380952,1341.0,289.0,2693.0,26885.0,660.1522479520845,0.3274511062504012,0.9567634220271073
ID198096,198096,5,177.50244140625,0.8097151896481539,24.228283379768868,1.5506666712974353,8.176843373493975,21,0.15,1,,1049.1904761904761,900.0,200.0,1964.0,22033.0,574.4546647950227,0.13437092946028184,0.4326919424539738
ID198167,198167,5,216.63751220703125,1.1476233509935763,24.17175382326307,1.6331537192947452,9.73433734939759,25,0.15,1,,1374.3809523809523,1395.0,193.0,2588.0,28862.0,688.0085374608717,0.291991861821063,0.9029303790567272
ID198359,198359,5,111.5687255859375,0.7186891384269863,24.704748060557645,2.2975802557067704,13.628072289156625,35,0.15,1,,843.8095238095239,811.0,201.0,1612.0,17720.0,443.1551217178494,0.29878696815333317,0.8760771933158001
ID197659,197659,5,170.3026123046875,0.9905217903239321,24.312048998204823,2.820429152384537,2.3362409638554213,6,0.15,1,,964.8571428571429,929.0,139.0,2021.0,20262.0,484.6450542112532,0.18988055389168812,0.6353987407217555
ID197720,197720,5,196.3028564453125,1.0675760914520434,24.196516789587925,2.528086791547023,0.3893734939759036,1,0.15,1,,1348.2380952380952,1249.0,431.0,2529.0,28313.0,674.4681537894807,0.38066734124129853,1.10227944310686
ID197854,197854,5,186.19879150390625,0.8734296870664489,24.346705317334713,3.1284884351838445,3.1149879518072288,8,0.15,1,,1058.952380952381,960.0,93.0,2077.0,22238.0,626.7180766652958,0.2765200220426157,0.7320372101313559
ID197981,197981,5,138.4935302734375,0.8954371057969949,24.53225791487104,3.3326585488899374,5.45122891566265,14,0.15,1,,908.0952380952381,932.0,189.0,1754.0,19070.0,454.55119676026646,0.35087750367471265,1.0378106989934806
ID198307,198307,5,142.676513671875,0.81400327245946,24.637381333776595,1.9248996730653265,13.238698795180722,34,0.15,1,,849.0952380952381,795.0,171.0,1682.0,17831.0,456.4636792519099,0.09518618042226486,0.3233449774955353
ID197794,197794,5,141.9288330078125,0.9616866859891976,24.328368151143227,2.456187689624324,0.7787469879518072,2,0.15,1,,841.5714285714286,733.0,59.0,1622.0,17673.0,513.421812102736,0.22635912275040856,0.6050997858837813
ID198241,198241,5,172.4541015625,1.0737989129427639,24.134496964491703,1.752469687972305,10.513084337349397,27,0.15,1,,1058.3809523809523,877.0,232.0,2231.0,22226.0,621.7540089288107,0.1667222223680377,0.486496183437694
ID197926,197926,5,238.96337890625,0.7728486827720178,24.274217196195167,1.5165068195699785,7.787469879518072,20,0.15,1,,1468.6666666666667,1341.0,442.0,2872.0,30842.0,740.4513038231031,0.25072995068777576,0.7952421613653762
ID198052,198052,5,125.38714599609375,0.7474139632681416,24.378233277749054,2.573463144660646,7.008722891566265,18,0.15,1,,871.047619047619,853.0,348.0,1563.0,18292.0,396.6084310992993,0.3198500629547988,1.0644660006496174
ID197995,197995,5,112.9539794921875,0.8493827869117089,24.395513777023385,3.2748681308901455,5.061855421686746,13,0.15,1,,845.5714285714286,914.0,287.0,1612.0,17757.0,419.4238395023072,0.17741839231365997,0.6075681623890375
ID198120,198120,5,179.0098876953125,1.1448170640452642,24.22190707814394,1.092323994275992,9.344963855421685,24,0.15,1,,1317.3809523809523,1327.0,423.0,2491.0,27665.0,610.2594920351895,0.2313396298637136,0.8111459637582824
ID197676,197676,5,114.37646484375,0.9204110590284732,24.261841753865255,2.8752699248485736,1.5574939759036144,4,0.15,1,,923.5238095238095,916.0,429.0,1588.0,19394.0,330.58472727087974,0.31214754725023425,1.329145607308106
ID198188,198188,5,156.72265625,1.0661323203624193,24.591489288711717,2.2919050769032654,12.459951807228915,32,0.15,1,,1029.2380952380952,1031.0,192.0,2185.0,21614.0,559.4326505274701,0.2298255746137236,0.687626923488019
ID197872,197872,5,132.47015380859375,0.8756232360331074,24.560905822414,3.4690709094778978,4.672481927710843,12,0.15,1,,819.047619047619,709.0,70.0,1839.0,17200.0,520.9713500942712,0.2520473157415833,0.6329751236843129
ID198071,198071,5,143.531982421875,1.0749578656972278,24.21862010978323,1.5116061941477728,8.955590361445783,23,0.15,1,,965.7619047619048,932.0,246.0,1682.0,20281.0,443.04682650504395,0.14963508821653795,0.5674451251303563
ID197817,197817,5,151.880126953125,0.9056397728194391,24.233270016079317,3.007935844490279,2.725614457831325,7,0.15,1,,946.3809523809524,936.0,314.0,1749.0,19874.0,439.68414528960176,0.19591053236492306,0.705203200953354
ID198009,198009,5,112.461669921875,0.7473870075736877,24.284073747374855,2.713849781905314,6.619349397590361,17,0.15,1,,779.6190476190476,776.0,431.0,1132.0,16372.0,227.97422577793222,0.1640407257835163,0.9638516485077298
ID198265,198265,5,152.82415771484375,0.8507828375484608,24.307346097248953,2.0908458118043214,11.681204819277108,30,0.15,1,,889.6190476190476,914.0,377.0,1263.0,18682.0,277.69740297497856,0.076654429774261,0.45616627710272234
ID197695,197695,5,130.2283935546875,0.7079110789710866,24.5174554734601,3.5092265611520053,3.893734939759036,10,0.15,1,,915.1428571428571,890.0,94.0,1651.0,19218.0,458.78167854811784,0.2744707942065892,0.8591699429210907
ID198143,198143,5,151.3642578125,1.1538738495047045,24.42862045070981,2.0238729605264516,10.123710843373493,26,0.15,1,,1092.7142857142858,915.0,201.0,2138.0,22947.0,592.9671274916631,0.4062212744052653,1.0646699563006752
ID198335,198335,5,200.95111083984375,0.8845222267973738,24.292201867586165,1.9656056096284527,11.291831325301205,29,0.15,1,,1311.904761904762,1217.0,309.0,2638.0,27550.0,693.6808996045593,0.40973716461175946,1.099359608055366
ID197778,197778,19,190.2738037109375,2.026031304153664,22.118799708405188,3.4360820719082725,3.5043614457831325,9,0.15,1,,1177.1904761904761,1138.0,424.0,2330.0,24721.0,593.8141644527873,0.33443091954333215,0.9936570300429947
ID197958,197958,19,118.27484130859375,1.372307671670057,22.270889968163107,3.610198246578395,5.840602409638554,15,0.15,1,,722.7142857142857,788.0,129.0,1540.0,15177.0,386.010769649908,0.28399385794596516,0.8282152342276653
ID197739,197739,19,120.3431396484375,1.5926259965435339,21.896004617547487,3.5351125945378374,4.28310843373494,11,0.15,1,,823.7619047619048,702.0,394.0,1560.0,17299.0,375.9462600907083,0.2745343628433337,0.9439545705031512
ID197993,197993,19,113.39031982421875,1.7492535277299934,22.023201858399283,3.1782884236275493,5.061855421686746,13,0.15,1,,773.3333333333334,752.0,390.0,1220.0,16240.0,228.4025685786684,0.1812498408876831,1.0390384359329485
ID197832,197832,19,144.09466552734375,1.812929885572794,21.9717300002048,3.7258603372147774,1.946867469879518,5,0.15,1,,1007.8571428571429,1008.0,260.0,1788.0,21165.0,448.7320231178387,0.3031993497857249,1.045103546016093
ID198056,198056,19,142.7630615234375,1.4284027641251111,22.155575304255255,3.59243500914937,7.008722891566265,18,0.15,1,,828.8571428571429,731.0,143.0,1723.0,17406.0,482.9831555773229,0.21057847790934225,0.5970335394253279
ID197855,197855,19,146.37786865234375,2.042349915786162,22.217115355317347,3.946204610318867,3.1149879518072288,8,0.15,1,,922.8571428571429,807.0,205.0,1807.0,19380.0,498.67397021644166,0.38559708295350953,1.0300173817372469
ID197871,197871,19,124.126953125,1.6978367171566273,21.93721477915763,3.723044874614122,4.672481927710843,12,0.15,1,,823.1428571428571,813.0,108.0,1483.0,17286.0,406.39873101601654,0.2021823720255792,0.6812802487823634
ID198013,198013,19,111.58975219726562,1.5271328396847328,22.109490862239248,3.527794815049111,6.619349397590361,17,0.15,1,,753.7619047619048,680.0,325.0,1415.0,15829.0,318.51168028220013,0.28246365245713034,1.0424526128497174
ID197660,197660,19,118.87380981445312,1.8251383584382725,21.962431144865587,3.6779557315515463,2.3362409638554213,6,0.15,1,,796.0952380952381,748.0,316.0,1473.0,16718.0,366.919869285094,0.35922566902310227,1.1468314292030974
ID197980,197980,19,125.68365478515625,1.4080906344470578,22.198485095131797,3.4793576533731474,5.45122891566265,14,0.15,1,,868.952380952381,857.0,192.0,1737.0,18248.0,421.043403485968,0.29631274042133005,0.9434950830802414
ID197651,197651,23,119.92138671875,4.879784071180558,17.769779730902787,0.0,2.3362409638554213,6,0.15,1,,1062.142857142857,1117.0,195.0,1692.0,22305.0,443.8745640059008,0.06319085956156784,0.2844432934333773
ID197858,197858,23,114.5948486328125,4.603569878472225,17.677708333333342,0.0,4.672481927710843,12,0.15,1,,820.8095238095239,838.0,84.0,1639.0,17237.0,434.00963342391594,0.19371046098124292,0.613800288241617
ID197728,197728,23,132.40185546875,4.419427083333336,18.322208116319455,0.0,4.28310843373494,11,0.15,1,,845.4285714285714,865.0,89.0,1720.0,17754.0,498.92680539619954,0.15090285003062984,0.44435375610646394
ID197984,197984,23,119.1221923828125,4.695641276041669,18.04599392361112,0.0,5.061855421686746,13,0.15,1,,1120.5714285714287,1109.0,502.0,1899.0,23532.0,442.74638015782483,0.11770531280502147,0.5330688093489423
ID197846,197846,23,113.84979248046875,4.51149848090278,18.4142795138889,0.0,3.1149879518072288,8,0.15,1,,1023.5714285714286,882.0,163.0,2747.0,21495.0,702.8576364690485,0.36206372139000836,0.774227098541871
ID197684,197684,23,118.15057373046875,4.51149848090278,18.4142795138889,0.0,3.893734939759036,10,0.15,1,,794.047619047619,807.0,200.0,1570.0,16675.0,408.0903669765406,0.2849954148589395,0.8630908154695432
ID197898,197898,23,132.75152587890625,4.7877126736111135,17.585636935763898,0.0,6.2299759036144575,16,0.15,1,,1114.6190476190477,1157.0,300.0,1867.0,23407.0,466.032024241948,0.45437938629874836,1.4944507427247649
ID197944,197944,23,175.54559326171875,4.879784071180558,17.86185112847223,0.0,5.840602409638554,15,0.15,1,,1418.095238095238,1257.0,385.0,2708.0,29780.0,728.6017365311385,0.36932131690270364,1.0498909659401956
ID197966,197966,23,117.189208984375,4.143212890625002,18.50635091145834,0.0,5.45122891566265,14,0.15,1,,866.3333333333334,795.0,273.0,1603.0,18193.0,406.9328363911339,0.33388566694283345,1.065789543431918
ID197805,197805,23,122.6229248046875,4.695641276041669,18.69049370659723,0.0,2.725614457831325,7,0.15,1,,849.1428571428571,832.0,529.0,1375.0,17832.0,257.5948923628506,0.056185365506947665,0.35071680309405884
ID198051,198051,35,133.209228515625,6.0312229928386305,2.897339732763217,2.456072230871736,7.008722891566265,18,0.15,1,,836.9047619047619,757.0,23.0,1683.0,17575.0,541.2830964256971,0.1456340424422376,0.3930959453218372
ID198147,198147,35,160.50189208984375,6.10547003969039,3.156956140254838,3.116949502290817,10.123710843373493,26,0.15,1,,1071.1904761904761,1150.0,455.0,1721.0,22495.0,381.4617436975324,0.19006681726562372,0.8969756742715745
ID198243,198243,35,141.53826904296875,6.043144700527385,3.368398194066934,2.90230057860181,10.513084337349397,27,0.15,1,,1026.7619047619048,1053.0,323.0,1674.0,21562.0,389.0336623946448,0.26829698689763687,1.116625125010626
ID197890,197890,35,174.877685546875,6.160552660966325,2.9657467197356437,2.479684216045527,7.398096385542169,19,0.15,1,,1053.904761904762,1006.0,560.0,1683.0,22132.0,362.93620717171564,0.18251763197264376,0.8963926081351502
ID197953,197953,35,161.53741455078125,5.990387920363657,2.928388984082167,2.56744936843424,5.840602409638554,15,0.15,1,,1069.095238095238,1010.0,586.0,1676.0,22451.0,364.92491073670277,0.1496913382681657,0.7628836231903696
ID198337,198337,35,114.38104248046875,6.194770917608544,3.087434131063445,2.456431535448772,11.291831325301205,29,0.15,1,,837.3809523809524,754.0,46.0,1728.0,17585.0,520.1024395434496,0.24592161711202673,0.6355799195190105
ID197863,197863,35,131.50811767578125,5.767210633950056,2.8135802182238847,2.5123071398305536,4.672481927710843,12,0.15,1,,1087.5714285714287,1176.0,346.0,1733.0,22839.0,443.766782378827,0.3778312686074185,1.3441101322952187
ID198214,198214,35,126.67706298828125,6.206372555665541,3.4100803199859597,2.6102042205967066,10.9024578313253,28,0.15,1,,928.4285714285714,827.0,155.0,1760.0,19497.0,476.10708579358186,0.16116813621704676,0.5413247967082571
ID197733,197733,35,158.7803955078125,5.715083342787262,2.803246132252056,2.3744843743391884,4.28310843373494,11,0.15,1,,1280.952380952381,1188.0,365.0,2428.0,26900.0,596.5528875288826,0.3080317525923585,1.0113261312146682
ID198186,198186,35,120.0277099609375,6.566335136621565,2.769118546560604,1.5165394790907412,12.459951807228915,32,0.15,1,,1044.7619047619048,925.0,413.0,1939.0,21940.0,462.23888896996806,0.32718336483931953,1.1144000643626402
ID197929,197929,35,147.0699462890625,6.5345353778019595,3.0097714869049206,3.0776488974940373,7.787469879518072,20,0.15,1,,976.952380952381,1001.0,344.0,1687.0,20516.0,411.23235234967547,0.1426661839650227,0.5932227354158788
ID198286,198286,35,164.665771484375,6.40011675650937,2.7445545694478874,1.775658279827996,12.070578313253012,31,0.15,1,,933.5714285714286,864.0,243.0,1632.0,19605.0,412.6639760663113,0.023003890076001274,0.10174310509470676
ID198125,198125,35,182.56854248046875,6.617946128606992,2.8158820611180686,2.8662915315062687,9.344963855421685,24,0.15,1,,1159.952380952381,1266.0,431.0,2032.0,24359.0,485.4192493289153,0.2644140555046574,0.9994208015211413
ID197904,197904,35,139.9046630859375,6.136423825214084,2.894128214228947,2.4649322283431414,6.2299759036144575,16,0.15,1,,1126.3333333333333,1150.0,271.0,1934.0,23653.0,465.3611858904149,0.2894134321849106,1.086508851509831
ID198032,198032,35,114.695068359375,6.605707604401618,3.1835585628756147,2.5172584806881115,8.56621686746988,22,0.15,1,,917.8571428571429,937.0,574.0,1117.0,19275.0,163.57239550556372,0.05175278489404715,0.5522238098267566
ID198006,198006,35,190.186279296875,6.173550450557595,2.7450706565121066,2.0830976077324324,6.619349397590361,17,0.15,1,,1136.047619047619,1155.0,429.0,2249.0,23857.0,549.3706832540736,0.2965267625688153,0.9458961588004722
ID197973,197973,35,195.21356201171875,6.042317964288369,2.838952523307251,2.5749425709927105,5.45122891566265,14,0.15,1,,1273.6666666666667,1067.0,172.0,2833.0,26747.0,757.1297995280157,0.4260427274326753,1.0051619890176242
ID198100,198100,35,157.145751953125,6.802772721514648,3.0185391002521373,2.985396445899456,8.176843373493975,21,0.15,1,,1145.142857142857,1072.0,607.0,1885.0,24048.0,392.90231428617034,0.25430306064968394,1.1818277476590608
ID198267,198267,35,189.15350341796875,6.260855034722225,3.0383561197916684,2.5,11.681204819277108,30,0.15,1,,1103.2857142857142,1041.0,216.0,2332.0,23169.0,695.6535878479419,0.25142796956905694,0.6372835261297831
ID198170,198170,35,158.46417236328125,6.412875602182161,3.1538476127079997,2.799210236909248,9.73433734939759,25,0.15,1,,955.5714285714286,958.0,294.0,1588.0,20067.0,413.17097809848303,0.13646403207720276,0.5554255416047501
ID198077,198077,35,169.17889404296875,6.260064750885624,3.0196162771111954,2.944411110938714,8.955590361445783,23,0.15,1,,1142.7619047619048,1046.0,457.0,2124.0,23998.0,547.3541727950839,0.3213266123592876,1.015438978141931
ID197692,197692,35,129.56170654296875,5.624187801860096,2.6493975377400436,2.505682893110545,3.893734939759036,10,0.15,1,,1033.2857142857142,1112.0,335.0,1936.0,21699.0,465.95226610213433,0.28602670554557896,0.9864284495781874
ID198145,198145,40,164.87469482421875,4.407187822057483,17.02717599736805,2.4857202945805916,10.123710843373493,26,0.15,1,,1067.3333333333333,920.0,444.0,1895.0,22414.0,422.4677896992069,0.24133958784468576,0.9823684970504787
ID198465,198465,40,142.0504150390625,4.163509216012526,17.74387936002143,3.346051950095083,14.406819277108433,37,0.15,1,,911.3809523809524,981.0,130.0,2005.0,19139.0,577.1909975207926,0.1648990398514889,0.44703366932626926
ID197888,197888,40,194.97607421875,4.818613046027328,17.215303900814703,2.1327940232776395,7.398096385542169,19,0.15,1,,1317.3809523809523,1317.0,448.0,2005.0,27665.0,460.07700183670084,0.1907016381024524,0.917196362122725
ID198599,198599,40,197.859619140625,4.133297073933161,17.506892011473106,3.9670244785881956,17.911180722891565,46,0.15,1,,1242.095238095238,1379.0,399.0,2059.0,26084.0,492.1495610850328,0.20002024263559112,0.8413431594935931
ID198536,198536,40,144.4801025390625,4.5790011335824925,17.847759816375074,3.131091311090856,15.964313253012048,41,0.15,1,,978.1428571428571,981.0,274.0,1768.0,20541.0,441.5191146161495,0.2587901127892119,0.9109134825009078
ID198031,198031,40,148.09857177734375,4.873383847926113,17.007028217400265,2.236549622327973,8.56621686746988,22,0.15,1,,1042.2857142857142,1125.0,392.0,1816.0,21888.0,388.0712747495159,0.2514365105229755,1.079256823888622
ID198099,198099,40,169.841064453125,4.780949747341608,17.243608724419442,2.1736728782789556,8.176843373493975,21,0.15,1,,1172.5714285714287,1153.0,568.0,2084.0,24624.0,431.2575299549646,0.17636099147969536,0.8152569865213248
ID197970,197970,40,110.4827880859375,4.9253011236092,17.878322400666384,1.6831385862975936,5.45122891566265,14,0.15,1,,1162.4761904761904,1158.0,595.0,1695.0,24412.0,366.9634340159274,0.23573466025142928,1.2086191879264931
ID197906,197906,40,137.64373779296875,4.797731425929439,17.543492267673717,2.2980836039941077,6.2299759036144575,16,0.15,1,,1113.1904761904761,1167.0,379.0,1494.0,23377.0,311.28003775501236,0.20643653009511326,1.2238558807350643
ID198288,198288,40,148.71728515625,4.196411958334947,16.915349193306273,2.372580162720539,12.070578313253012,31,0.15,1,,1233.142857142857,1193.0,508.0,1958.0,25896.0,428.5399964664075,0.3484655580463496,1.487209074260891
ID198615,198615,40,204.04705810546875,4.508531543503518,17.540026795158838,4.036610024986489,18.68992771084337,48,0.15,1,,1110.7619047619048,1109.0,201.0,2060.0,23326.0,535.9592246395154,0.11337568673123098,0.42208257124635185
ID198420,198420,40,197.930908203125,4.468080170909948,17.53209846327703,3.3575134470806014,14.01744578313253,36,0.15,1,,1383.3809523809523,1476.0,619.0,2020.0,29051.0,451.21663047703333,0.2242799437819887,1.1233016398720244
ID198491,198491,40,133.376708984375,4.348155985906818,17.838004681292933,3.044215891645218,15.574939759036145,40,0.15,1,,1093.4285714285713,979.0,517.0,1802.0,22962.0,390.7073804560865,0.36999051352270484,1.511617209049319
ID198169,198169,40,114.25567626953125,4.466123241132621,17.122038137123095,2.577900177998434,9.73433734939759,25,0.15,1,,938.7142857142857,874.0,415.0,1547.0,19713.0,359.8459591071078,0.16416270994259796,0.7357116300535049
ID198364,198364,40,168.29888916015625,4.476213440237471,17.046716634479736,3.318185423115803,13.628072289156625,35,0.15,1,,1108.6190476190477,975.0,436.0,2057.0,23281.0,529.433704649645,0.1730856925468421,0.6179198947375488
ID198049,198049,40,183.01312255859375,4.848653112819711,17.3582161020537,2.004881551007975,7.008722891566265,18,0.15,1,,1079.2857142857142,947.0,155.0,2425.0,22665.0,701.4172184126322,0.23791577912502043,0.5914556015548069
ID198240,198240,40,173.3935546875,4.470298963827676,17.137707856161846,2.0365185406782094,10.513084337349397,27,0.15,1,,1157.2857142857142,1102.0,81.0,2133.0,24303.0,613.3145312853057,0.27050594397917255,0.8035028926630078
ID198311,198311,40,136.50439453125,4.161850196951569,17.043058356556557,3.113369477160933,13.238698795180722,34,0.15,1,,1023.5238095238095,1017.0,355.0,2041.0,21494.0,503.37626275457393,0.290772007050183,0.9160902675757036
ID197990,197990,40,176.971435546875,4.770671400395139,17.95360666884895,1.9001824990934426,5.061855421686746,13,0.15,1,,1376.4285714285713,1387.0,543.0,2311.0,28905.0,546.5549900447869,0.24821059586348057,1.0015722035022099
ID197734,197734,40,151.8331298828125,4.644548787480255,17.67727051035564,2.5000173413084856,4.28310843373494,11,0.15,1,,1315.904761904762,1378.0,334.0,2039.0,27634.0,530.7824323356891,0.12967512744308501,0.5691687280895126
ID198438,198438,40,227.90771484375,4.275229553249391,17.80425710138829,3.0502877933828425,14.796192771084337,38,0.15,1,,1320.2857142857142,1107.0,149.0,2873.0,27726.0,846.8402531089995,0.3605281946724177,0.8262816615762679
ID198123,198123,40,199.4495849609375,4.6118367395378685,17.21207662928165,2.0131263377242457,9.344963855421685,24,0.15,1,,1592.095238095238,1600.0,746.0,2503.0,33434.0,505.6064581037217,0.3062988265034021,1.476689622051158
ID197865,197865,40,144.49066162109375,4.625808477688429,17.811185927342617,2.382153577509493,4.672481927710843,12,0.15,1,,1170.2380952380952,1193.0,493.0,2036.0,24575.0,449.98398913315845,0.2713990822128294,1.1102828897800634
ID198633,198633,40,236.52862548828125,4.1471805675798565,17.577517195613183,3.9796011506148044,17.521807228915662,45,0.15,1,,1541.142857142857,1464.0,513.0,2663.0,32364.0,585.1115522457479,0.4367620912160137,1.6013796184495406
ID197928,197928,40,280.1072998046875,4.82286010189071,17.373658058336968,2.0056450387981273,7.787469879518072,20,0.15,1,,1797.095238095238,1818.0,529.0,3204.0,37739.0,752.6489822461666,0.34604032877924035,1.2276575932351819
ID198193,198193,40,116.12542724609375,3.911261462847441,17.001303253130157,3.0132959323284894,12.459951807228915,32,0.15,1,,870.0952380952381,730.0,359.0,1691.0,18272.0,441.3300244445085,0.142010706350372,0.4903252126741422
ID198389,198389,40,286.1011962890625,4.143100220395887,17.20331465835392,3.0090081977318377,12.849325301204818,33,0.15,1,,1725.2380952380952,1620.0,484.0,3235.0,36230.0,819.6995733048727,0.3427196465864049,1.0744296477533475
ID198516,198516,40,157.1888427734375,4.473343472886806,17.671429520419775,3.102051741368408,16.35368674698795,42,0.15,1,,1181.4285714285713,1160.0,570.0,1714.0,24810.0,370.1642299613202,0.2872396725087943,1.424387069793961
ID198580,198580,40,191.595947265625,4.499302493280583,17.50722083013975,3.876214290448045,17.13243373493976,44,0.15,1,,1182.6666666666667,1005.0,577.0,2117.0,24836.0,482.48899814745346,0.2334893654006134,0.927975761016756
ID198008,198008,40,179.0457763671875,4.815688589908511,17.489322753331905,1.9481140710791318,6.619349397590361,17,0.15,1,,1094.095238095238,1144.0,254.0,2042.0,22976.0,573.1579105937477,0.1434202079217283,0.47886744925554675
ID198264,198264,40,158.6014404296875,4.176306590683735,16.864885515745428,2.0416499848059018,11.681204819277108,30,0.15,1,,1158.2857142857142,1213.0,365.0,1892.0,24324.0,416.88717212899974,0.20997768973056052,0.9643239528365437
ID197951,197951,40,168.71795654296875,4.891614479325376,17.683867819082952,1.640424290364799,5.840602409638554,15,0.15,1,,1333.7619047619048,1209.0,506.0,2218.0,28009.0,521.2712254442887,0.23359949967187996,0.969041275782678
ID198334,198334,40,231.1236572265625,4.236075331758492,17.050212917580303,1.9599699492526765,11.291831325301205,29,0.15,1,,1519.952380952381,1497.0,797.0,2746.0,31919.0,581.6746922628212,0.2427145910632317,1.0207145289648327
ID198653,198653,40,182.53009033203125,4.349936237245905,17.521905358389734,4.049257381318802,18.300554216867468,47,0.15,1,,1066.904761904762,1080.0,271.0,1895.0,22405.0,461.84054659177605,0.19085267815618479,0.7404637661198369
ID198076,198076,40,149.9737548828125,4.552856826011617,17.351403026672862,2.5707138165846506,8.955590361445783,23,0.15,1,,1141.5238095238096,1178.0,126.0,2012.0,23972.0,572.0985596073127,0.2895070212290983,0.8959411941510418
ID198083,198083,43,125.77471923828125,20.777853185287025,13.388241499044124,3.9120491598755796,8.955590361445783,23,0.15,1,,887.9047619047619,809.0,203.0,1643.0,18646.0,439.91679949302966,0.2145807006344533,0.7131651568998659
ID198339,198339,43,149.4056396484375,19.981516216662097,14.136906846956705,3.347075745467767,11.291831325301205,29,0.15,1,,1151.857142857143,1183.0,281.0,2213.0,24189.0,575.9468973537653,0.3134274870090733,0.9545026801406437
ID197954,197954,43,199.91455078125,20.71606445312501,13.166209852430562,3.0,5.840602409638554,15,0.15,1,,1281.5238095238096,1277.0,168.0,2558.0,26912.0,690.9557597305068,0.32806620591638896,0.9163221904178612
ID197893,197893,43,148.712890625,21.037167091152337,13.189984148300935,3.57108966432636,7.398096385542169,19,0.15,1,,966.952380952381,915.0,125.0,1823.0,20306.0,547.9727617492019,0.24922715374180635,0.704093043406407
ID198149,198149,43,159.82928466796875,20.16085970987518,13.90878310596412,3.6137043963038074,10.123710843373493,26,0.15,1,,842.047619047619,783.0,186.0,1613.0,17683.0,428.61013476007264,0.1546724303428821,0.5263302425565769
ID198477,198477,43,161.666748046875,19.286223612585598,13.990280377109352,3.775768893904276,15.18556626506024,39,0.15,1,,1053.2857142857142,989.0,371.0,2084.0,22119.0,500.3103179884603,0.2542635263296673,0.8535559667444373
ID198291,198291,43,161.02801513671875,20.021096809426496,14.412985725195588,3.0080118899799437,12.070578313253012,31,0.15,1,,1047.6666666666667,1046.0,291.0,1999.0,22001.0,487.80645068852186,0.2335061097826605,0.8131347594779035
ID198419,198419,43,140.0625,19.37902804549514,14.113967468372572,3.5469480409226315,14.01744578313253,36,0.15,1,,1109.4761904761904,998.0,388.0,1874.0,23299.0,451.55792751845456,0.33868447059364293,1.2432302523745036
ID197905,197905,43,179.049072265625,20.70297462185034,12.966968444802548,2.560173222470367,6.2299759036144575,16,0.15,1,,1193.904761904762,1219.0,448.0,1881.0,25072.0,429.5019097468491,0.32939548349125386,1.377520345360838
ID198101,198101,43,175.12408447265625,21.035910046486983,13.311365872530356,3.2367410023663576,8.176843373493975,21,0.15,1,,1035.142857142857,713.0,237.0,1784.0,21738.0,561.8679814435313,0.2437883534308887,0.722208290358856
ID198037,198037,43,163.93792724609375,20.733874900051845,13.580650855882345,4.004744063734648,8.56621686746988,22,0.15,1,,1050.8095238095239,983.0,189.0,2141.0,22067.0,587.5938749721289,0.32093429748108415,0.8689837412511207
ID198490,198490,43,145.4757080078125,19.43352126330975,14.048608543754952,3.0640963559171084,15.574939759036145,40,0.15,1,,957.4761904761905,853.0,277.0,1709.0,20107.0,419.8325403119224,0.24708107856666617,0.903704990620489
ID198175,198175,43,122.51171875,20.190263714280892,13.84559574846836,3.33210016269671,9.73433734939759,25,0.15,1,,837.9047619047619,761.0,182.0,1380.0,17596.0,371.00335642173167,0.09728453880187954,0.4004712838966855
ID198366,198366,43,171.04595947265625,19.564964776128868,13.941604381626428,4.059182258199927,13.628072289156625,35,0.15,1,,1031.8095238095239,924.0,163.0,2089.0,21668.0,583.688839969347,0.2735282103425678,0.7593494669986939
ID198556,198556,43,116.1448974609375,19.549494891472936,14.291965652317188,3.5304180315340643,16.743060240963853,43,0.15,1,,776.5238095238095,707.0,67.0,1657.0,16307.0,437.96833436307,0.22194205385477123,0.6440670026776661
ID198247,198247,43,132.11431884765625,20.00407233498655,14.10734076035225,3.4845265381264405,10.513084337349397,27,0.15,1,,1036.7619047619048,915.0,527.0,1852.0,21772.0,401.48722330379394,0.29804625318221656,1.1858528348348139
ID198054,198054,43,123.0771484375,20.93834371635834,13.125386799735779,3.3218361469146447,7.008722891566265,18,0.15,1,,1012.2857142857143,880.0,460.0,1953.0,21258.0,434.03446209456024,0.3715944834260827,1.2637245378006456
ID198440,198440,43,133.91473388671875,19.22118306554457,13.948598794730593,3.6701539495997353,14.796192771084337,38,0.15,1,,894.5714285714286,887.0,275.0,1608.0,18786.0,378.52008816291,0.13229723254405235,0.5522635751180737
ID198127,198127,43,211.48638916015625,20.3404514981947,13.78340136421338,3.4914420675873394,9.344963855421685,24,0.15,1,,1257.1904761904761,1298.0,401.0,2339.0,26401.0,554.6616643547325,0.3222118163196826,1.104697462814847
ID197932,197932,43,134.250732421875,21.008116639638978,13.301949468582958,3.2924640242602154,7.787469879518072,20,0.15,1,,960.0952380952381,935.0,348.0,1654.0,20162.0,415.2584622571712,0.2107491367662513,0.8048917135157627
ID198192,198192,43,157.43768310546875,19.93407870254029,14.277407379568858,3.177882723721479,12.459951807228915,32,0.15,1,,954.1904761904761,770.0,289.0,1778.0,20038.0,451.1663350747282,0.20544549988269192,0.7209040075956623
ID198391,198391,43,173.9033203125,19.747533400988647,14.23475216179456,3.425512261239201,12.849325301204818,33,0.15,1,,1183.952380952381,1070.0,629.0,2008.0,24863.0,474.48998684803416,0.2664849858645545,1.0500497566825724
ID198519,198519,43,134.882568359375,19.559213754902892,14.145493806248819,3.549538048072738,16.35368674698795,42,0.15,1,,773.1904761904761,634.0,115.0,1568.0,16237.0,483.81934841918206,0.24930752185153265,0.6378216935696269
ID198010,198010,43,177.08538818359375,20.898479651440557,13.19017069075486,3.027709522212947,6.619349397590361,17,0.15,1,,1225.5714285714287,1281.0,502.0,2452.0,25737.0,567.5007111386357,0.3799482056973733,1.1892244380304318
ID198270,198270,43,209.7919921875,20.065970638297927,14.027986289410872,3.0836040696059857,11.681204819277108,30,0.15,1,,1238.1904761904761,1192.0,375.0,2703.0,26002.0,701.6383412448055,0.2859704002275003,0.7848637165601206
ID198082,198082,46,123.242919921875,22.8719272652818,10.104682127514383,4.145653160562564,8.955590361445783,23,0.15,1,,964.4761904761905,863.0,310.0,1878.0,20254.0,415.17955381348185,0.3024117187474881,1.0787874115585414
ID198178,198178,46,181.83624267578125,22.75744643517065,10.056616544677375,4.525348468334719,9.73433734939759,25,0.15,1,,1166.2380952380952,1222.0,286.0,2391.0,24491.0,602.834380635503,0.27715272798383417,0.8396446568509746
ID198058,198058,46,116.96026611328125,23.088394085541946,10.218792880179246,4.525455211596018,7.008722891566265,18,0.15,1,,898.7142857142857,872.0,464.0,1371.0,18873.0,279.6238800347965,0.18906760920105087,1.0220872407765562
ID198344,198344,46,157.66082763671875,22.87388954670902,10.258587615722204,4.68787682402438,11.291831325301205,29,0.15,1,,1018.1428571428571,962.0,425.0,1908.0,21381.0,471.00979668307167,0.25907605335217737,0.8895780999687625
ID198253,198253,46,232.65106201171875,22.872733078264588,10.230138045982324,4.476309522905443,10.513084337349397,27,0.15,1,,1504.7142857142858,1526.0,311.0,2723.0,31599.0,678.1356901724862,0.39802500597276425,1.2634639533307412
ID198221,198221,46,122.030029296875,22.800649590665294,10.311226447334471,4.296843824426009,10.9024578313253,28,0.15,1,,873.7142857142857,700.0,430.0,1695.0,18348.0,391.35088384429935,0.2374054141544935,0.856666374594228
ID198316,198316,46,122.00408935546875,22.606366339988504,10.525870250376974,4.133533613824731,13.238698795180722,34,0.15,1,,851.4285714285714,769.0,170.0,1467.0,17880.0,424.1729094872245,0.18252795111159612,0.6196596983541535
ID197939,197939,46,183.9371337890625,23.092632914020516,10.047947180831429,4.371503839449887,7.787469879518072,20,0.15,1,,1140.952380952381,1050.0,417.0,2064.0,23960.0,454.87959683750114,0.24944267868829378,1.001510443277611
ID198128,198128,46,116.576904296875,22.638992956523964,10.025405377544356,3.9758252513603285,9.344963855421685,24,0.15,1,,707.5238095238095,654.0,234.0,1284.0,14858.0,320.0291578977795,0.10520169298630587,0.42088426873360424
ID198039,198039,46,136.401611328125,22.947490278712124,10.098881049774398,4.454482440165261,8.56621686746988,22,0.15,1,,879.0,848.0,258.0,1841.0,18459.0,457.9572032406522,0.30018595215958077,0.8862961678810524
ID198198,198198,46,133.773681640625,22.687027930540385,10.120455277394516,4.116007415917817,12.459951807228915,32,0.15,1,,1007.8571428571429,1101.0,139.0,1634.0,21165.0,439.94468808184115,0.2926809157787693,1.037370666470724
ID198107,198107,46,141.91748046875,23.152189646209198,9.987469452141983,4.170597789961646,8.176843373493975,21,0.15,1,,913.5714285714286,818.0,73.0,2006.0,19185.0,586.1275092868933,0.2669387431650685,0.6568049144115424
ID197913,197913,46,174.12200927734375,23.05670387836136,10.312322262676028,4.274931178336009,6.2299759036144575,16,0.15,1,,865.1428571428571,726.0,76.0,1705.0,18168.0,545.2758279728055,0.16807468271419201,0.4565972225415528
ID198297,198297,46,145.26116943359375,22.966445211498975,10.268027999656438,4.588047998784762,12.070578313253012,31,0.15,1,,1021.2857142857143,886.0,259.0,1823.0,21447.0,443.561285828367,0.2700076388765522,0.9790239967542517
ID198014,198014,46,170.83056640625,23.12149366127262,10.154173012831263,3.963715106491214,6.619349397590361,17,0.15,1,,1105.6190476190477,1080.0,167.0,2324.0,23218.0,626.0635332129222,0.30765851515595255,0.8309821470957398
ID198365,198365,46,124.520263671875,22.397585858710883,10.635229736316436,4.125261252388477,13.628072289156625,35,0.15,1,,766.3809523809524,749.0,123.0,1534.0,16094.0,433.8470325115151,0.2106759745437586,0.6147876775363912
ID197921,197921,54,115.75872802734375,11.232710503472228,8.654711371527782,0.0,7.787469879518072,20,0.15,1,,1220.4285714285713,1241.0,367.0,1969.0,25629.0,486.1772898263113,0.196657818617323,0.8250664517297303
ID198209,198209,54,139.32696533203125,11.045675273370053,9.245526391782906,1.356344215983302,10.9024578313253,28,0.15,1,,1101.7619047619048,1058.0,410.0,1976.0,23137.0,473.32387482166,0.19961321197383736,0.7746533066815116
ID198087,198087,54,132.31231689453125,11.140639105902784,8.562639973958337,0.0,8.176843373493975,21,0.15,1,,1046.857142857143,873.0,263.0,2063.0,21984.0,526.4108932872007,0.16617333460644834,0.5667490185847778
ID198535,198535,54,145.651611328125,11.00848336449669,8.6498174856635,1.8689511819654223,15.964313253012048,41,0.15,1,,991.7142857142857,946.0,392.0,1838.0,20826.0,392.6541917332786,0.12886308754299097,0.5766251589339557
ID198022,198022,54,152.033447265625,11.085473079128269,8.632444058007435,0.9545766774857203,8.56621686746988,22,0.15,1,,1333.6666666666667,1263.0,649.0,2318.0,28007.0,465.60211912461625,0.1635573521560938,0.8052757490516166
ID198117,198117,54,132.544677734375,11.034475738014832,8.80785914259145,0.9910390369436124,9.344963855421685,24,0.15,1,,951.0952380952381,1045.0,232.0,1896.0,19973.0,490.32732992990555,0.1320861661938541,0.45263252054463754
ID198309,198309,54,196.4364013671875,11.037325048438452,9.307725020877532,2.602521028906435,13.238698795180722,34,0.15,1,,1492.2857142857142,1516.0,714.0,2385.0,31338.0,470.57657643120564,0.2653612505829553,1.3300704526067741
ID198436,198436,54,126.61309814453125,10.869129881495772,8.505733306339135,2.9668482126008393,14.796192771084337,38,0.15,1,,816.5714285714286,825.0,237.0,1335.0,17148.0,306.3510358116276,0.056903804372948744,0.2870190113626314
ID198187,198187,54,143.4442138671875,11.523321496913965,9.189473008771058,2.377195512298647,12.459951807228915,32,0.15,1,,1047.1904761904761,968.0,215.0,2150.0,21991.0,561.7732299645132,0.2650247212211334,0.781055712647446
ID198475,198475,54,155.8001708984375,10.794996091775985,8.566818431485208,2.5061194156584654,15.18556626506024,39,0.15,1,,1075.952380952381,1062.0,363.0,1963.0,22595.0,472.02939274906134,0.19305341415506794,0.7376861042096965
ID198287,198287,54,152.00042724609375,11.637005977366426,8.921269902009788,2.065842326798314,12.070578313253012,31,0.15,1,,1126.047619047619,1118.0,522.0,1857.0,23647.0,382.9667709071475,0.26228077433268115,1.2219013621969714
ID198163,198163,54,156.302490234375,11.090003037085086,8.717308377814497,1.0213142546462624,9.73433734939759,25,0.15,1,,1172.5714285714287,1077.0,279.0,1989.0,24624.0,508.08567893895327,0.1135531135531136,0.4706742721862671
ID198385,198385,54,203.345947265625,11.297368663705836,9.429160940272444,1.9789874624535686,12.849325301204818,33,0.15,1,,1408.857142857143,1360.0,260.0,2734.0,29586.0,728.9917205095189,0.29266502385571225,0.8751030213305792
ID198416,198416,54,143.30828857421875,10.995363643533302,8.832795489251723,2.900512402739501,14.01744578313253,36,0.15,1,,1168.857142857143,831.0,531.0,2246.0,24546.0,571.0163120011796,0.31633350762176726,0.9838347915436675
ID198512,198512,54,124.15740966796875,11.146166675076048,8.634956837182388,2.116642358381248,16.35368674698795,42,0.15,1,,991.7619047619048,965.0,217.0,2309.0,20827.0,574.2465415448233,0.15055174223486686,0.45197942045831185
ID197878,197878,54,140.23431396484375,11.324781901041673,8.654711371527782,0.0,7.398096385542169,19,0.15,1,,1350.6666666666667,1448.0,577.0,2010.0,28364.0,441.957954259603,0.24561942822010452,1.205242855192017
ID198358,198358,54,110.70648193359375,11.171381645852643,8.943503282993428,2.7436091840641206,13.628072289156625,35,0.15,1,,917.4285714285714,954.0,260.0,1678.0,19266.0,395.5639735148502,0.2780608183410285,1.0091920061699282
ID198068,198068,54,164.8214111328125,10.966158836146212,8.707842627710152,1.4111045470440216,8.955590361445783,23,0.15,1,,962.047619047619,981.0,195.0,1798.0,20203.0,487.99738484857437,0.06719419786117443,0.24825464809654907
ID198043,198043,54,124.47613525390625,11.324781901041673,8.838854166666671,0.0,7.008722891566265,18,0.15,1,,993.1904761904761,911.0,422.0,1908.0,20857.0,389.47228643994924,0.08586660558005378,0.40330517971375396
ID198234,198234,54,115.86102294921875,10.943319316237652,8.832024984497263,1.063712095116001,10.513084337349397,27,0.15,1,,992.7619047619048,1104.0,299.0,1823.0,20848.0,466.1683070267545,0.27339748777634926,0.9144561519194192
ID198489,198489,54,170.41448974609375,11.126501819561648,8.631201897064955,2.711959135429423,15.574939759036145,40,0.15,1,,1239.142857142857,1174.0,674.0,1839.0,26022.0,370.31301431549576,0.20093593808409596,1.119747691351369
ID198333,198333,54,157.8314208984375,11.00751528734225,9.195157582517696,2.1448253258728673,11.291831325301205,29,0.15,1,,1167.0,1075.0,291.0,2188.0,24507.0,579.8924038129833,0.27577832785425926,0.8700382486667012
ID198140,198140,54,155.5670166015625,10.85377293777088,8.749978490195703,0.8873723790876353,10.123710843373493,26,0.15,1,,1292.904761904762,1232.0,484.0,2044.0,27151.0,525.3132308215646,0.27582390989208755,1.0641904687209802
ID198460,198460,54,121.70318603515625,10.997432331385545,8.89537540442614,2.65067904519571,14.406819277108433,37,0.15,1,,1021.1904761904761,1014.0,275.0,1787.0,21445.0,477.9246404034447,0.252069022895727,0.8603368726272244
ID198305,198305,56,248.964599609375,24.74355991991946,7.831783719557553,1.3965040808193798,13.238698795180722,34,0.15,1,,1755.6666666666667,1617.0,1012.0,2916.0,36869.0,596.2711910979209,0.3867538285336007,1.6423415502898797
ID198144,198144,56,112.02447509765625,24.625751421780596,7.964697445617365,2.355176420898993,10.123710843373493,26,0.15,1,,911.5238095238095,969.0,386.0,1728.0,19142.0,390.0272578997036,0.26774508667649055,0.987171541797264
ID198406,198406,56,198.3499755859375,24.546972007481177,7.932644905876135,1.0485209799033355,14.01744578313253,36,0.15,1,,1119.2857142857142,924.0,192.0,2130.0,23505.0,619.134003496589,0.22451531230219815,0.6629305688669357
ID197925,197925,56,218.8511962890625,24.591574745444625,7.749150312304142,1.3116079026689582,7.787469879518072,20,0.15,1,,1714.047619047619,1677.0,1110.0,2401.0,35995.0,359.4179289059571,0.19084050280299936,1.5285163768776169
ID198213,198213,56,155.20074462890625,24.595951807929854,7.913462189437772,1.8732779554643224,10.9024578313253,28,0.15,1,,832.9047619047619,776.0,95.0,1839.0,17491.0,513.9916249086075,0.10741431325560563,0.31435568722529333
ID198379,198379,56,185.56195068359375,24.50637386127689,7.758918298993911,0.9283523205429645,12.849325301204818,33,0.15,1,,1151.0,1075.0,294.0,2527.0,24171.0,594.8017316719917,0.19256074185359792,0.6249141187856815
ID198122,198122,56,156.30126953125,24.507820387089854,7.906023353184319,1.9741632377588774,9.344963855421685,24,0.15,1,,1207.3333333333333,1178.0,674.0,2042.0,25354.0,428.36623738727747,0.24519313410112217,1.109975878062308
ID198282,198282,56,250.851318359375,24.520213235131422,7.824100670729442,1.1461575489494482,12.070578313253012,31,0.15,1,,1346.1904761904761,1312.0,404.0,2693.0,28270.0,704.2788949732641,0.10021190851934518,0.34820485901773746
ID198184,198184,56,238.936279296875,24.52763351123382,7.727313341424362,1.0719224894610317,12.459951807228915,32,0.15,1,,1476.2380952380952,1373.0,288.0,3049.0,31001.0,778.1895594751901,0.1798263808280591,0.5782775139170583
ID198095,198095,56,162.2774658203125,24.4622833462441,7.748079217720744,1.4297193217662538,8.176843373493975,21,0.15,1,,1321.4285714285713,1272.0,459.0,2411.0,27750.0,538.2886373896974,0.2292603839279188,0.9156797408732257
ID198263,198263,56,286.2186279296875,24.58852708680329,7.875078947768018,1.4983848161482505,11.681204819277108,30,0.15,1,,1776.1904761904761,1673.0,366.0,4403.0,37300.0,1205.6673512643367,0.32350932222484396,0.7201978611334834
ID198455,198455,56,118.35882568359375,24.790083495007302,7.9853903717036525,0.8494134246092949,14.406819277108433,37,0.15,1,,934.0952380952381,852.0,541.0,1483.0,19616.0,285.6648219088071,0.2622461881979723,1.3587185592001267
ID197883,197883,56,235.879150390625,24.65160971326209,7.791770601154976,1.0812568545673553,7.398096385542169,19,0.15,1,,1616.1904761904761,1636.0,676.0,2643.0,33940.0,552.5547591911247,0.1071838091494356,0.5663131887183894
ID198072,198072,56,127.82269287109375,24.406521670181885,8.036788510570616,1.8477819191546454,8.955590361445783,23,0.15,1,,824.6190476190476,872.0,110.0,1197.0,17317.0,330.96849943619657,0.0749390896817145,0.3473931527382574
ID198168,198168,56,196.97845458984375,24.59129507782364,7.992030343156844,2.07014393065206,9.73433734939759,25,0.15,1,,1180.7142857142858,1057.0,379.0,2385.0,24795.0,635.0533160969355,0.38503690918079214,1.0337264792287515
ID198046,198046,56,151.4991455078125,24.651956947435377,7.939152485880938,1.0616168397279675,7.008722891566265,18,0.15,1,,1047.904761904762,1041.0,176.0,2025.0,22006.0,490.50044900712425,0.24853195654024002,0.8505404572716646
ID198238,198238,56,156.45794677734375,24.542517089326267,8.010802324620762,1.992396572424808,10.513084337349397,27,0.15,1,,1075.095238095238,973.0,297.0,2465.0,22577.0,617.6090110063085,0.35534510963365395,0.9127750489254713
ID198429,198429,56,111.95159912109375,24.560770860688578,7.812099166515639,0.5244210290630528,14.796192771084337,38,0.15,1,,1018.5714285714286,1123.0,236.0,1984.0,21390.0,525.0918559098561,0.4813737508050944,1.2606773864820155
ID198332,198332,56,205.77685546875,24.4851957902669,7.81277735797721,1.270488721904102,11.291831325301205,29,0.15,1,,1331.047619047619,1353.0,474.0,2448.0,27952.0,536.1476919833261,0.17668107068211047,0.745539062455721
ID198579,198579,108,122.43634033203125,3.8382056539160003,0.3863419961144765,3.827202465583076,17.13243373493976,44,0.15,1,,847.7619047619048,757.0,411.0,1526.0,17803.0,329.061377977104,0.20824864010098712,0.8880815339977908
ID198315,198315,108,154.17010498046875,3.581182159102883,1.1735181089572349,4.067984502352397,13.238698795180722,34,0.15,1,,977.4285714285714,947.0,282.0,1827.0,20526.0,417.9834412304597,0.1929836797321802,0.756557653331093
ID198363,198363,108,119.9129638671875,3.76921038912732,1.0648107101909996,3.618500463238071,13.628072289156625,35,0.15,1,,802.4285714285714,804.0,287.0,1252.0,16851.0,321.98487098442547,0.2862524187361889,1.1092357903810293
ID198443,198443,108,127.9649658203125,3.8813427667983045,0.42300126580676506,3.944000660225101,14.796192771084337,38,0.15,1,,871.4761904761905,872.0,391.0,1505.0,18301.0,336.7969149276191,0.2775388825286907,1.1242609485570676
ID198554,198554,108,115.421875,3.746104504911838,0.5030499200939618,3.545483644995195,16.743060240963853,43,0.15,1,,626.6666666666666,515.0,85.0,1404.0,13160.0,427.52804976204,0.3753749359865388,0.8001034478487651
ID198537,198537,108,150.45452880859375,3.97974097699553,0.504210654602069,4.023150150106687,15.964313253012048,41,0.15,1,,1028.952380952381,890.0,111.0,2529.0,21608.0,656.5315282749547,0.3700358550201784,0.8466064241944999
ID198520,198520,108,190.70379638671875,3.8786924312806055,0.5331636039311685,4.059894535837577,16.35368674698795,42,0.15,1,,1118.3809523809523,1081.0,386.0,2158.0,23486.0,549.4362088714645,0.38624672783560526,1.1342969383177417
ID198463,198463,108,122.52362060546875,3.896570407270355,0.423929583764066,3.715814243387535,14.406819277108433,37,0.15,1,,729.5714285714286,697.0,189.0,1447.0,15321.0,364.18725560191854,0.20697193500738556,0.6870484396845203
ID198493,198493,108,128.89959716796875,4.124640047137076,1.042550438470809,3.5494518635234296,15.574939759036145,40,0.15,1,,940.6190476190476,1022.0,222.0,1465.0,19753.0,349.09332222064575,0.3443816783502348,1.3804468067142577
ID198396,198396,108,137.082275390625,3.492876392740976,1.2368283460326317,4.274385254606964,12.849325301204818,33,0.15,1,,980.1904761904761,1019.0,323.0,1659.0,20584.0,397.7248570365723,0.2666258487913088,1.0375562338160798
ID198755,198755,141,160.04150390625,1.1580246975448723,21.823483508460445,4.335415422026607,21.415542168674698,55,0.15,1,,1045.142857142857,945.0,304.0,2059.0,21948.0,560.5064036845864,0.3559447687888055,0.9789616712801438
ID198919,198919,141,191.6160888671875,1.1419846342077369,21.80557985684684,3.91829116655544,21.8049156626506,56,0.15,1,,1120.2380952380952,1120.0,225.0,2196.0,23525.0,585.7775093635727,0.2191298444540604,0.6874786371485206
ID198602,198602,141,167.632080078125,1.5573444805797207,22.53115392826645,4.382408054423277,17.911180722891565,46,0.15,1,,989.4761904761905,1015.0,258.0,1923.0,20779.0,469.6457834419063,0.3247857798633072,1.0330379231902926
ID198857,198857,141,127.66302490234375,0.898367985702608,21.821731307628816,3.918758344774231,22.973036144578312,59,0.15,1,,906.7142857142857,826.0,277.0,1777.0,19041.0,450.41982004094166,0.34329463803849775,1.0289131084434333
ID198636,198636,141,153.66741943359375,1.2808445649647087,22.627204509174923,4.475820443859252,17.521807228915662,45,0.15,1,,901.6190476190476,917.0,52.0,1699.0,18934.0,471.5673309497252,0.212303594524337,0.669661478784974
ID198732,198732,141,133.04620361328125,1.1804554522320092,21.702510404671305,3.6264655903961467,20.636795180722892,53,0.15,1,,967.5238095238095,1054.0,297.0,1556.0,20318.0,381.79819526126875,0.25282097448482527,1.022779161719237
ID198835,198835,141,147.59271240234375,0.9144559235266998,21.833180250866636,3.6251558424499533,22.58366265060241,58,0.15,1,,1009.1904761904761,994.0,451.0,1719.0,21193.0,367.94953717155556,0.3243679834524304,1.3435201545507873
ID198711,198711,141,126.349853515625,1.0847640406078727,22.013704618532646,3.944250614716103,19.46867469879518,50,0.15,1,,666.8571428571429,595.0,283.0,1273.0,14004.0,292.592769171469,0.16478690488072664,0.6448748368594791
ID198676,198676,141,110.624267578125,1.3176359868054475,22.00060032194388,3.6794437121349284,19.079301204819277,49,0.15,1,,743.3333333333334,688.0,193.0,1271.0,15610.0,302.74896091206216,0.20062146197391093,0.820544674606512
ID198777,198777,141,149.405029296875,0.9876299218683527,21.8872287287352,4.012534469602993,22.194289156626503,57,0.15,1,,903.6666666666666,911.0,227.0,1567.0,18977.0,406.6070994625319,0.32447419205120065,1.088929994709713
ID198584,198584,141,179.83746337890625,1.3671387783217785,22.49921652847886,4.380232001152721,17.13243373493976,44,0.15,1,,1119.4761904761904,1120.0,310.0,2071.0,23509.0,522.2515312612898,0.2970160740836779,0.9817473323262063
ID198879,198879,141,177.93536376953125,1.1542594807623656,21.666454038350683,3.1070843172108042,23.362409638554215,60,0.15,1,,1030.6190476190477,925.0,131.0,1934.0,21643.0,531.2908314840823,0.15737348998133702,0.5275381652893961
ID198558,198558,141,200.78155517578125,1.462999737194053,22.51757412324244,4.056062070180983,16.743060240963853,43,0.15,1,,1167.1904761904761,1205.0,356.0,2145.0,24511.0,580.5289501004768,0.38111149301583896,1.1096120264982727
ID198654,198654,141,115.96685791015625,1.4348053550901698,22.41718219019865,4.010332552573715,18.300554216867468,47,0.15,1,,786.3333333333334,811.0,184.0,1488.0,16513.0,371.3777501861593,0.27099825663958627,0.9029055926235844
ID198813,198813,141,208.22216796875,0.7350520284342875,21.81548030488779,4.010546768583804,20.247421686746986,52,0.15,1,,1184.142857142857,1172.0,330.0,2082.0,24867.0,497.72244129778653,0.27081225278263266,1.0139902733133175
ID198620,198620,141,119.67291259765625,1.3244106255657693,22.231731266387396,4.30222296426896,18.68992771084337,48,0.15,1,,878.6190476190476,891.0,253.0,1497.0,18451.0,361.45670227434937,0.22726441292382396,0.9002593114396765
ID198627,198627,142,147.66796875,10.477791818276478,8.48682176314482,0.8793467342961746,17.521807228915662,45,0.15,1,,1113.0,1050.0,263.0,2035.0,23373.0,536.9775600525594,0.08068744538304691,0.3095101403934503
ID198802,198802,142,123.54803466796875,10.647586177930922,8.574606537064138,1.112993032643865,20.247421686746986,52,0.15,1,,1133.1904761904761,1016.0,576.0,1876.0,23797.0,379.0897807970586,0.1862733857419879,0.9387649272104877
ID198738,198738,142,111.885009765625,10.18980605877996,9.041122057139447,0.7729908076308795,21.415542168674698,55,0.15,1,,856.2857142857143,780.0,312.0,1568.0,17982.0,423.9822098693698,0.10317664813928663,0.3777786540165869
ID198592,198592,142,186.82666015625,10.63632410841882,8.690054920488612,1.018001296295154,17.911180722891565,46,0.15,1,,1400.7619047619048,1175.0,618.0,2539.0,29416.0,595.4614936972755,0.17493634230365973,0.7004970968468791
ID198608,198608,142,167.18194580078125,10.32594792323652,8.5174664845629,1.3445073432403913,18.68992771084337,48,0.15,1,,1173.904761904762,1115.0,186.0,2251.0,24652.0,549.9851729603176,0.25157068262184057,0.8580577637737471
ID198567,198567,142,230.895263671875,11.015481613573225,8.731420623802078,1.0190123141577556,17.13243373493976,44,0.15,1,,1636.7619047619048,1576.0,527.0,2802.0,34372.0,732.9322550387521,0.3093995474320196,1.0553564215342994
ID198646,198646,142,172.29864501953125,10.485203424912394,8.46380554106619,0.9201860162009918,18.300554216867468,47,0.15,1,,1224.7619047619048,1127.0,709.0,2005.0,25720.0,378.1594775702316,0.2519805582801331,1.3036953749577818
ID198725,198725,142,147.411376953125,10.512266439183891,8.727081041402736,1.3205371461759823,20.636795180722892,53,0.15,1,,1149.4285714285713,1163.0,524.0,1993.0,24138.0,412.58496960366494,0.11275533489150424,0.5645936578024772
ID198666,198666,142,130.15472412109375,10.416375411399107,8.679738432142853,0.965989457955533,19.079301204819277,49,0.15,1,,1115.5714285714287,974.0,725.0,1892.0,23427.0,355.93546766634137,0.2278591476214062,1.163252597043761
ID198697,198697,142,177.3577880859375,10.46358960726052,8.63885621417305,1.0341814410367933,19.46867469879518,50,0.15,1,,1343.1904761904761,1186.0,645.0,2443.0,28207.0,535.5125226404718,0.2707458598381778,1.0688114293569424
ID198889,198889,142,251.2392578125,10.67878723798179,8.74370332291014,0.8415439398152248,21.026168674698795,54,0.15,1,,1531.2380952380952,1475.0,641.0,2552.0,32156.0,614.7314783514754,0.19686305453922853,0.8194208809261646
ID198783,198783,142,157.7593994140625,10.397534752740443,8.556062351821316,0.6394858086204349,19.858048192771083,51,0.15,1,,1352.142857142857,1302.0,420.0,2468.0,28395.0,654.2674747925565,0.3268939606347782,1.0182816617008317
ID199075,199075,143,137.4375,3.4035493172736473,20.317195311779667,2.830518043051331,25.698650602409636,66,0.15,1,,983.5238095238095,883.0,210.0,2042.0,20654.0,504.19744337388494,0.13846323448351888,0.47449287651522154
ID198914,198914,143,122.7371826171875,3.71706882294403,20.485731897922662,2.414398923625611,21.8049156626506,56,0.15,1,,887.8571428571429,833.0,133.0,1519.0,18645.0,420.9996776381527,0.16493753573068667,0.5971840337853539
ID198848,198848,143,125.3436279296875,3.6623804296336453,20.233622654655576,2.660846263518943,22.973036144578312,59,0.15,1,,875.6190476190476,820.0,512.0,1581.0,18388.0,311.61714910936405,0.11753980794943476,0.5910793957165474
ID199008,199008,143,140.493408203125,3.6133296790122333,20.315509962322416,2.6362703097210938,25.309277108433733,65,0.15,1,,1056.7142857142858,1047.0,288.0,1997.0,22191.0,501.9424412078683,0.26871687563247176,0.8917926333374071
ID198631,198631,143,135.095947265625,3.6863666379294853,20.452050821135355,3.0958966781965516,17.521807228915662,45,0.15,1,,1181.0,1279.0,592.0,1845.0,24801.0,343.900130851967,0.34165341296374435,1.749012752032438
ID198790,198790,143,141.22344970703125,3.7854714365098787,20.508347438265062,3.1475077083931007,19.858048192771083,51,0.15,1,,1116.2857142857142,1248.0,343.0,1853.0,23442.0,426.97378641517827,0.2543945547653829,1.060419732960293
ID198597,198597,143,167.07244873046875,3.7721983019221645,20.470774954733727,2.9988212469459246,17.911180722891565,46,0.15,1,,1139.7142857142858,1108.0,156.0,2519.0,23934.0,691.9480575055575,0.325293199109605,0.8085660595719222
ID199050,199050,143,144.07269287109375,3.4987131076388907,20.623993055555566,2.5,26.866771084337348,69,0.15,1,,1072.3333333333333,1006.0,249.0,2002.0,22519.0,559.4426988828554,0.2386450205854123,0.7386006873087907
ID198728,198728,143,166.35382080078125,3.8219308442111313,20.46207675089803,2.8716275413602017,20.636795180722892,53,0.15,1,,995.4285714285714,1018.0,33.0,1931.0,20904.0,620.4797798017734,0.16057895701127603,0.44394217478794246
ID198991,198991,143,186.6368408203125,3.422044855078528,20.445270749608504,3.1267738331561574,24.91990361445783,64,0.15,1,,1158.5238095238096,1135.0,494.0,2272.0,24329.0,504.1486506029367,0.2853750221238354,1.0203812088132822
ID198573,198573,143,122.9112548828125,3.7134269853640434,20.582067496833332,2.2793650502530505,17.13243373493976,44,0.15,1,,841.2857142857143,823.0,246.0,1691.0,17667.0,460.25831256557905,0.2024011270596403,0.6153687259873578
ID198828,198828,143,126.7646484375,3.727637184687636,20.30233818183147,2.537233612815829,22.58366265060241,58,0.15,1,,980.8571428571429,889.0,217.0,1866.0,20598.0,511.02908779386377,0.25973561330923706,0.7914841605544423
ID198675,198675,143,126.65045166015625,3.743779025954345,20.478312267244608,3.0350709451925604,19.079301204819277,49,0.15,1,,912.3333333333334,891.0,286.0,1343.0,19159.0,333.6147978332695,0.2522304067346846,1.1016697572180696
ID198769,198769,143,163.2166748046875,3.7232877212681696,20.361644103547004,2.4831246847234922,22.194289156626503,57,0.15,1,,1209.8095238095239,1277.0,505.0,1825.0,25406.0,401.1201340057139,0.26155427498864126,1.2506287728385008
ID198935,198935,143,116.62823486328125,3.4464484509573423,20.339606061637117,3.0556483245724175,24.141156626506024,62,0.15,1,,873.047619047619,860.0,90.0,1576.0,18334.0,475.58957896388733,0.2517666336667463,0.7384318154228162
ID198967,198967,143,111.46160888671875,3.5310130404408215,20.49034869304133,2.226270944551119,24.530530120481927,63,0.15,1,,961.9047619047619,913.0,423.0,1790.0,20200.0,396.927563260843,0.2783353795137263,1.0552963040284602
ID198613,198613,143,142.32470703125,3.7178436231130325,20.53123388106416,2.9921148854337956,18.68992771084337,48,0.15,1,,1054.4761904761904,1127.0,263.0,1755.0,22144.0,414.6160415429701,0.35398387008016047,1.3298132477220193
ID198708,198708,143,143.7264404296875,3.7529177592026834,20.5220759639457,2.910967765091751,19.46867469879518,50,0.15,1,,931.6666666666666,864.0,136.0,1691.0,19565.0,431.3962602217749,0.12673055216419798,0.4858200492354979
ID199092,199092,143,214.52825927734375,3.425970454568552,20.352632206748087,2.9972217803270804,26.088024096385542,67,0.15,1,,1395.047619047619,1360.0,477.0,2504.0,29296.0,601.3703913721124,0.2776972141961511,1.0083714971752482
ID198651,198651,143,130.39697265625,3.794309690788048,20.48135377059779,2.9466643681558238,18.300554216867468,47,0.15,1,,1007.6190476190476,951.0,456.0,1912.0,21160.0,415.6744490813065,0.2070563739821166,0.8316375397970603
ID198811,198811,143,123.40765380859375,3.8193252993803486,20.62319310559374,3.027103078265223,20.247421686746986,52,0.15,1,,1038.2857142857142,1013.0,353.0,1861.0,21804.0,390.2032986607293,0.2028034521849219,0.8972978255957755
ID198747,198747,143,135.87884521484375,3.7383974597166785,20.417899472628264,2.8015401826624036,21.415542168674698,55,0.15,1,,969.0952380952381,821.0,222.0,1722.0,20351.0,467.89143022307053,0.22732796391169702,0.7672618366275368
ID199034,199034,143,123.12860107421875,3.389882437964618,20.449137876520684,3.4327029440453996,26.477397590361445,68,0.15,1,,846.6190476190476,873.0,307.0,1581.0,17779.0,368.80014590431983,0.30311614730878184,1.0679548507122523
ID198877,198877,143,113.06072998046875,3.5536532479070284,20.11612717132259,2.5194704220570494,23.362409638554215,60,0.15,1,,1075.6666666666667,996.0,406.0,1711.0,22589.0,417.8642522797725,0.2240010186913609,0.942194795705864
ID198752,198752,155,130.3973388671875,19.611207682291678,15.007637803819453,4.0,21.415542168674698,55,0.15,1,,944.4285714285714,943.0,448.0,1493.0,19833.0,311.5412607390186,0.21752902934703533,1.083231889640878
ID198880,198880,155,140.4215087890625,19.457518995854304,14.989119092016653,3.4552344492618032,23.362409638554215,60,0.15,1,,825.8571428571429,762.0,376.0,1473.0,17343.0,361.7463594446095,0.07974337184000894,0.3372133847400687
ID198918,198918,155,126.53094482421875,19.540463551299162,15.034794655803099,3.4125392971652557,21.8049156626506,56,0.15,1,,957.2857142857143,988.0,288.0,1575.0,20103.0,357.124648107232,0.2630170293372035,1.1164169208513561
ID198853,198853,155,140.673095703125,19.630619898993668,15.10135912195297,3.6419653346169616,22.973036144578312,59,0.15,1,,1056.5238095238096,1031.0,420.0,1650.0,22187.0,384.5258923723627,0.21416922959055246,0.9693074430547729
ID198788,198788,155,181.82745361328125,19.70832268226936,14.501591778515168,3.190342322002275,19.858048192771083,51,0.15,1,,1200.952380952381,1194.0,369.0,2218.0,25220.0,550.1468418695572,0.31834469852404984,1.0542553259494274
ID198955,198955,155,159.9146728515625,19.653832986256912,15.20807994817255,3.3739137719068837,23.751783132530118,61,0.15,1,,1110.2857142857142,1095.0,331.0,1901.0,23316.0,474.1897450237766,0.27354509926015746,1.0058360558455928
ID198729,198729,155,269.5911865234375,19.693203956911915,14.711807899176447,3.5130365031919406,20.636795180722892,53,0.15,1,,1459.7142857142858,1310.0,460.0,3118.0,30654.0,761.6950270848,0.29602617927220615,0.8754534921682416
ID198831,198831,155,157.6416015625,19.6583782640038,14.950459379444858,3.224545176147815,22.58366265060241,58,0.15,1,,911.0,743.0,135.0,1714.0,19131.0,492.25349160772845,0.2342859354888659,0.7025706532081963
ID198673,198673,155,136.09722900390625,19.992668096882902,14.148786583228793,2.953616037627511,19.079301204819277,49,0.15,1,,924.7142857142857,932.0,414.0,1606.0,19419.0,360.9378260666431,0.15769141344588916,0.6979437108588685
ID198705,198705,155,129.48797607421875,19.775266330188742,14.172749646582707,3.030904079468726,19.46867469879518,50,0.15,1,,937.0,972.0,302.0,1649.0,19677.0,425.90738429851154,0.24729015327273413,0.8723559882738467
ID198901,198901,155,158.9423828125,19.468245573252414,14.874358228808509,3.371388762254731,21.026168674698795,54,0.15,1,,1111.7619047619048,1059.0,404.0,1790.0,23347.0,400.0349865651634,0.20593385364745023,0.9491788834897575
ID198773,198773,155,140.5244140625,19.615848503179592,14.946352808245864,3.397908603224236,22.194289156626503,57,0.15,1,,955.7142857142857,943.0,397.0,1687.0,20070.0,350.336001983402,0.1758812518125972,0.8160737074733905
ID198612,198612,155,116.28472900390625,20.020270000533507,14.023943977966924,2.2152159317962736,18.68992771084337,48,0.15,1,,783.1904761904761,685.0,0.0,1762.0,16447.0,514.729212212365,0.38058683544516303,0.8388969416536816
ID198650,198650,155,168.54217529296875,19.862137239962472,13.996489256841766,3.083909478598528,18.300554216867468,47,0.15,1,,1196.047619047619,1165.0,396.0,1978.0,25117.0,414.5190557972548,0.31556342380658065,1.3842318420968385
ID198809,198809,155,185.4530029296875,19.979493272569453,14.547280815972229,3.0,20.247421686746986,52,0.15,1,,1167.2857142857142,1050.0,425.0,2075.0,24513.0,518.2923058330254,0.17157871342849154,0.6596663623058829
ID198881,198881,162,124.99151611328125,4.733612610069364,17.530394441115813,3.3049965737914726,23.362409638554215,60,0.15,1,,944.1904761904761,939.0,372.0,1746.0,19828.0,419.9559047147235,0.2967952910398953,1.0291329907221178
ID198854,198854,162,122.9188232421875,4.683620034160533,17.306338153667483,3.5245695670037436,22.973036144578312,59,0.15,1,,930.7142857142857,901.0,489.0,1386.0,19545.0,264.19692330856975,0.22646837349397586,1.300977624606337
ID198789,198789,162,134.93560791015625,4.375906077250345,17.271140176309046,3.0156967409809257,19.858048192771083,51,0.15,1,,1056.7619047619048,1064.0,300.0,1810.0,22192.0,439.756399016763,0.3283253774671914,1.187941239906434
ID198730,198730,162,201.44610595703125,4.487790026262212,17.210093468771102,3.400220580439182,20.636795180722892,53,0.15,1,,1187.7142857142858,1011.0,392.0,2094.0,24942.0,558.9516207022878,0.2238168837859719,0.7772203449070227
ID198986,198986,162,128.20697021484375,5.08287356454412,17.033087467449075,1.6746248956312915,24.91990361445783,64,0.15,1,,1091.4285714285713,1051.0,459.0,1727.0,22920.0,350.825251575278,0.25143325143325135,1.2501136295125619
ID199087,199087,162,129.75091552734375,5.0194449870514575,16.868273794076906,2.577730641669018,26.088024096385542,67,0.15,1,,950.3809523809524,888.0,382.0,1535.0,19958.0,336.2963687271208,0.053389949040585485,0.28646784264348224
ID198956,198956,162,207.23480224609375,4.718026177013911,17.342116413591032,3.4679352658079634,23.751783132530118,61,0.15,1,,1396.857142857143,1458.0,412.0,2556.0,29334.0,627.5316952723812,0.37583632922702426,1.2161252548779917
ID198899,198899,162,119.00970458984375,4.536937833674778,17.209934931470375,3.0581165424055565,21.026168674698795,54,0.15,1,,956.0,966.0,316.0,1532.0,20076.0,355.9506988334199,0.2137480729119434,0.9459576475557459
ID198771,198771,162,157.8087158203125,4.595382477349288,17.20556695580254,3.0817314974578185,22.194289156626503,57,0.15,1,,1210.047619047619,1204.0,635.0,1730.0,25411.0,325.848504092082,0.24930863001811693,1.4821231737529847
ID198706,198706,162,138.17364501953125,4.432091962236742,17.392357257761855,3.093065151566321,19.46867469879518,50,0.15,1,,899.8571428571429,841.0,366.0,1404.0,18897.0,292.80373729074665,0.3049377984483277,1.4363107067842524
ID198832,198832,162,191.55712890625,4.591515011207292,17.481005771589455,3.032316310209007,22.58366265060241,58,0.15,1,,1262.047619047619,1276.0,472.0,2344.0,26503.0,594.1349574120745,0.25612290600761645,0.866237373077091
ID199030,199030,162,164.056884765625,5.037671743205982,16.68030095434326,2.495560745927186,26.477397590361445,68,0.15,1,,1238.5238095238096,1184.0,323.0,2238.0,26009.0,515.2503875833205,0.27013505165463303,1.0224617432987715
ID198932,198932,162,124.0648193359375,4.813167258429488,17.36070619943459,2.65060237313866,24.141156626506024,62,0.15,1,,1008.7142857142857,1142.0,451.0,1625.0,21183.0,378.7203642342385,0.2643019570627943,1.1135996290973391
ID198810,198810,162,225.70428466796875,4.478545975415633,17.319672445741332,3.035728512633435,20.247421686746986,52,0.15,1,,1436.7619047619048,1454.0,510.0,2579.0,30172.0,578.7472595841733,0.299159283938125,1.1433150917481616
ID198746,198746,162,116.8726806640625,4.550156908696187,17.077327691813633,2.7364405760361645,21.415542168674698,55,0.15,1,,750.7619047619048,720.0,211.0,1322.0,15766.0,355.0219577380961,0.1184138187880185,0.44779255764644593
ID198969,198969,162,196.741455078125,4.990833081055145,17.404664861465776,2.543963682796182,24.530530120481927,63,0.15,1,,1299.2857142857142,1283.0,353.0,2213.0,27285.0,523.0687471888511,0.2320676248662268,0.9357415167464153
ID199071,199071,162,129.46954345703125,5.004910333256044,17.08001185594025,2.0161961719636303,25.698650602409636,66,0.15,1,,993.2857142857143,887.0,253.0,1902.0,20859.0,481.3859307101884,0.31542354443551057,0.9895535213386346
ID198883,198883,173,135.99749755859375,11.82330321604457,11.541272439921698,3.865585714898036,23.362409638554215,60,0.15,1,,973.7619047619048,832.0,207.0,1851.0,20449.0,464.82587113476205,0.3024882244847914,0.9730320627083782
ID198816,198816,173,206.26593017578125,11.730438024904698,11.749774517844891,4.39384709301477,20.247421686746986,52,0.15,1,,1294.2380952380952,1067.0,170.0,2682.0,27179.0,774.1547587376767,0.3793890979590076,0.9196327829838172
ID198775,198775,173,150.49859619140625,11.741796329358491,11.498016361767277,4.198964572444581,22.194289156626503,57,0.15,1,,815.6190476190476,680.0,25.0,1758.0,17128.0,517.785715927977,0.17028908764186199,0.45841725150046686
ID198710,198710,173,160.6243896484375,11.458662493250202,11.454444637752015,3.929296155021103,19.46867469879518,50,0.15,1,,1011.7619047619048,823.0,305.0,2042.0,21247.0,531.30461175882,0.2624780149260827,0.7918334465648049
ID198917,198917,173,135.4991455078125,11.613070705592769,11.743208173056438,3.53604108825755,21.8049156626506,56,0.15,1,,909.2380952380952,861.0,351.0,1580.0,19094.0,346.5706139824761,0.18817302995323598,0.8309857399213891
ID198836,198836,173,132.67755126953125,11.750313512479094,11.523747148531458,4.088744180990109,22.58366265060241,58,0.15,1,,867.2857142857143,829.0,513.0,1383.0,18213.0,282.6641368934416,0.1933755958523761,0.9943653682440325
ID198683,198683,173,126.754150390625,11.561073717572675,11.398187157715473,4.462927044557545,19.079301204819277,49,0.15,1,,832.9047619047619,743.0,302.0,1627.0,17491.0,396.2832200285428,0.15970760330852493,0.5788909303004017
ID198939,198939,173,136.6143798828125,11.908449278146415,11.219482564232832,3.803208091897568,24.141156626506024,62,0.15,1,,977.8095238095239,1015.0,409.0,1671.0,20534.0,355.44262814800635,0.21259721623488978,0.9646188709923025
ID198954,198954,173,118.29638671875,11.760157683445076,11.250851303254551,3.656918152112447,23.751783132530118,61,0.15,1,,867.3809523809524,897.0,332.0,1473.0,18215.0,324.86050486177544,0.216941644925624,0.951954381416616
ID198856,198856,173,126.61383056640625,11.701891787745572,11.666493535731245,3.8466975861915778,22.973036144578312,59,0.15,1,,903.1428571428571,912.0,284.0,1790.0,18966.0,429.4601594693372,0.2869342181599812,0.9377553715953612
ID198733,198733,173,185.29718017578125,11.658639115573184,11.66427163353169,4.013548412143392,20.636795180722892,53,0.15,1,,1170.6190476190477,1074.0,175.0,2154.0,24583.0,610.8995397109476,0.31924804525037437,0.9274223795126423
ID198748,198748,173,237.4737548828125,11.71905861987539,11.603801612945125,3.412340771297816,21.415542168674698,55,0.15,1,,1475.5238095238096,1459.0,300.0,2656.0,30986.0,634.1628827870343,0.37001624865976196,1.2568124549028008
ID198949,198949,194,138.48699951171875,16.24051781379639,7.26401792235237,2.0260895626611832,23.751783132530118,61,0.15,1,,1018.5238095238095,941.0,411.0,1709.0,21389.0,381.53540059182177,0.2686502981971749,1.130607188736743
ID198984,198984,194,135.91241455078125,16.265604056264202,6.909949309643406,1.4364634914965115,24.91990361445783,64,0.15,1,,1178.6190476190477,1167.0,710.0,2003.0,24751.0,352.8116319214088,0.21762358995046077,1.1941351242030778
ID199048,199048,194,110.78350830078125,16.14472732510416,7.2936164554005,2.04069322546713,26.866771084337348,69,0.15,1,,933.952380952381,1019.0,228.0,1564.0,19613.0,364.1250439327781,0.1858888119647009,0.80410628978679
ID198830,198830,194,157.69830322265625,16.46700422507807,7.200543278689387,2.9139773292721434,22.58366265060241,58,0.15,1,,1140.6190476190477,1031.0,309.0,2747.0,23953.0,699.2198850283419,0.3846505134704708,0.9063229767748393
ID199086,199086,194,140.7884521484375,16.042947079792583,7.175791194056105,2.379968854840404,26.088024096385542,67,0.15,1,,975.6190476190476,973.0,213.0,2127.0,20488.0,517.2462156643078,0.3212694195262571,0.9172568202133257
ID198929,198929,194,146.12005615234375,16.084088309383567,7.114074471905006,2.0200392589835956,24.141156626506024,62,0.15,1,,964.9047619047619,930.0,228.0,1623.0,20263.0,411.13658372393775,0.14617832143109663,0.5986308622545421
ID199120,199120,194,251.07769775390625,16.370688971776246,7.394068536521678,1.3727853737038322,27.25614457831325,70,0.15,1,,1471.5238095238096,1348.0,643.0,2536.0,30902.0,615.7105341836876,0.32924119864847723,1.1839437953309258
ID198964,198964,194,174.97235107421875,16.27275374021933,7.065750074137998,2.175109749811209,24.530530120481927,63,0.15,1,,1265.3809523809523,1330.0,668.0,2089.0,26573.0,409.9611537927071,0.24152881895208483,1.2009384076595737
ID199028,199028,194,131.137939453125,16.07682655387092,7.21743168447778,2.4561675081062293,26.477397590361445,68,0.15,1,,914.5714285714286,668.0,60.0,2185.0,19206.0,627.2085435824812,0.27173945431610735,0.6231465772300331
ID198874,198874,194,112.93804931640625,16.338764609068864,7.362298381151382,2.718453129105608,23.362409638554215,60,0.15,1,,651.0952380952381,552.0,26.0,1305.0,13673.0,390.7033279563798,0.0803016596018694,0.2477461315764499
ID198847,198847,194,111.3233642578125,16.664269328313924,7.401146748937517,2.4752819815094336,22.973036144578312,59,0.15,1,,735.0952380952381,728.0,355.0,1118.0,15437.0,243.53786251051497,0.13789735556988847,0.7315768678842458
ID199069,199069,194,111.3892822265625,15.988074208372113,7.267790397992553,2.1606848218253423,25.698650602409636,66,0.15,1,,894.4285714285714,884.0,318.0,1383.0,18783.0,292.95111732652117,0.15398438867948874,0.814811707080628
ID199004,199004,194,110.959716796875,16.37360794229743,7.075948721545752,1.7899712681747528,25.309277108433733,65,0.15,1,,1121.6666666666667,1038.0,559.0,1792.0,23555.0,321.53107677693197,0.19849291614620043,1.1555277920953708
ID198851,198851,195,141.526611328125,10.868149316355538,18.01906884001149,2.9726755363124364,22.973036144578312,59,0.15,1,,989.4285714285714,1020.0,371.0,1644.0,20778.0,369.3855129033313,0.21458696853051812,0.9464753584036207
ID199011,199011,195,177.87274169921875,11.198782207418022,18.193268954774545,3.0176567007031183,25.309277108433733,65,0.15,1,,1145.3333333333333,1140.0,369.0,2268.0,24052.0,557.7935400605975,0.22600129981012573,0.757021862813311
ID198882,198882,195,134.703857421875,10.918073461823983,17.970567920495064,3.3562714774874194,23.362409638554215,60,0.15,1,,914.4285714285714,910.0,192.0,1924.0,19203.0,489.6527924385371,0.2623379184538776,0.7762059860388448
ID199105,199105,195,268.8018798828125,10.793146151729655,18.208667110014105,2.629343000097609,27.645518072289157,71,0.15,1,,1277.7619047619048,1070.0,294.0,2890.0,26833.0,767.9636648150682,0.1403255280268582,0.4094935800796238
ID199143,199143,195,174.5177001953125,10.62538671232735,18.31917889789992,2.9030427985120877,28.03489156626506,72,0.15,1,,1115.5714285714287,986.0,64.0,2301.0,23427.0,702.8632563613332,0.27732659420467654,0.6892013223483324
ID199239,199239,195,173.82855224609375,10.570169473638265,18.491582781563327,3.517289683804131,30.760506024096383,79,0.15,1,,1077.5714285714287,1070.0,192.0,2265.0,22629.0,606.6299177775995,0.22951287296554987,0.6631720398391064
ID199301,199301,195,113.817626953125,10.344086548538298,18.657937630893407,3.391362316327581,31.539253012048192,81,0.15,1,,804.7142857142857,872.0,259.0,1219.0,16899.0,263.3963065149439,0.16285790962201438,0.855744725437947
ID198952,198952,195,115.4273681640625,10.798928197017359,18.037060261688005,2.7576914837946567,23.751783132530118,61,0.15,1,,770.7142857142857,755.0,171.0,1356.0,16185.0,346.5683399933039,0.0701074074441392,0.2913875926683477
ID199176,199176,195,210.7203369140625,10.702650521393798,18.72680892984141,2.857115750585981,29.203012048192768,75,0.15,1,,1350.142857142857,1388.0,417.0,2596.0,28353.0,594.81386043991,0.3205622624636709,1.1020014123425652
ID199215,199215,195,132.33270263671875,10.77467911224844,18.511097841746345,2.8700787359157807,29.592385542168675,76,0.15,1,,969.952380952381,989.0,409.0,2080.0,20369.0,490.12207420095615,0.2608987672051182,0.8189699244818366
ID199279,199279,195,155.8033447265625,10.484372582480763,18.453974275424986,3.409470165751017,30.37113253012048,78,0.15,1,,1051.7142857142858,1159.0,324.0,1814.0,22086.0,480.24391124272915,0.37197167349981364,1.1874918160023802
ID199052,199052,195,172.24761962890625,11.02026375483469,18.195052487706544,3.0143470200204496,26.866771084337348,69,0.15,1,,1146.142857142857,1106.0,503.0,1982.0,24069.0,454.71257797803275,0.20976801345024387,0.8741157553610281
ID199091,199091,195,196.48443603515625,10.89101862029365,18.143234723590833,2.819101676040329,26.088024096385542,67,0.15,1,,1077.857142857143,1014.0,293.0,2105.0,22635.0,545.3963958181504,0.24050508039854002,0.7663102659780143
ID198834,198834,195,119.322265625,10.66843177454809,17.886798555977368,3.5195728223640357,22.58366265060241,58,0.15,1,,915.3809523809524,768.0,458.0,1614.0,19223.0,361.9319654562824,0.3000503843071482,1.167451719014118
ID199122,199122,195,110.60638427734375,11.088138362860583,18.309805245660893,2.140740115026246,27.25614457831325,70,0.15,1,,960.4761904761905,985.0,232.0,1687.0,20170.0,439.85527381715224,0.29931620022481964,1.006056023334172
ID198993,198993,195,189.8358154296875,11.032546109559725,18.056310680781596,3.3670400353901093,24.91990361445783,64,0.15,1,,1063.0,957.0,204.0,2203.0,22323.0,611.8827502062793,0.3481171472312054,0.897207372001644
ID199344,199344,195,152.77362060546875,10.334995415960725,18.61487401744832,3.377788705888671,31.928626506024095,82,0.15,1,,1024.8095238095239,923.0,512.0,1724.0,21521.0,366.70650649362886,0.18893655340436052,0.8882021945121464
ID199163,199163,195,122.7242431640625,10.553060564799388,18.612429066973714,2.8795041061854145,28.813638554216865,74,0.15,1,,960.2857142857143,994.0,310.0,1425.0,20166.0,336.91722171137866,0.21688284651381712,1.0159765602401667
ID199258,199258,195,165.00347900390625,10.6258672248489,18.472047665824405,2.7050558699618605,29.981759036144577,77,0.15,1,,1118.4285714285713,1158.0,396.0,2065.0,23487.0,480.13847704892095,0.22494641152817108,0.8555269952455306
ID199032,199032,195,159.05059814453125,10.986201647200913,18.275449325094694,3.2068121209128706,26.477397590361445,68,0.15,1,,970.7619047619048,973.0,255.0,1829.0,20386.0,458.0776031156626,0.17463353922743616,0.6301282077192863
ID199320,199320,195,112.09625244140625,10.441041716071778,18.395050714041407,2.589999487322699,31.14987951807229,80,0.15,1,,881.2380952380952,845.0,249.0,1564.0,18506.0,363.57185050026976,0.2499493428073541,0.9693767401220567
ID198973,198973,195,169.23724365234375,11.109244240059718,17.75337087507203,2.878839638888645,24.530530120481927,63,0.15,1,,1105.2380952380952,1103.0,250.0,1880.0,23210.0,483.22240270520416,0.2200570866866067,0.8250760640716136
ID199331,199331,213,112.158203125,19.007396528330197,14.978832187717103,0.9351110972913805,31.928626506024095,82,0.15,1,,847.3809523809524,771.0,279.0,1442.0,17795.0,378.77691009227004,0.24986830553116773,0.8944830447214691
ID200417,200417,213,750.6103515625,18.87463650173612,15.007637803819453,0.0,32.318,83,0.15,1,,5415.714285714285,5850.0,1599.0,7723.0,113730.0,1711.494584941978,0.5155543206890555,2.1528468431646406
ID199269,199269,213,162.28509521484375,19.040397630853576,15.254065022507904,0.9150574708895344,30.37113253012048,78,0.15,1,,1127.7619047619048,1086.0,546.0,1855.0,23683.0,403.15777367699417,0.22612961261179634,1.0317950381615766
ID199044,199044,213,157.73443603515625,19.609546390964116,15.029236099585205,1.090178520968385,26.866771084337348,69,0.15,1,,946.0952380952381,982.0,275.0,1737.0,19868.0,442.0140161535497,0.15954547311533004,0.58901385801743
ID199172,199172,213,137.6512451171875,19.077561437706574,15.325382792040948,1.890557111677992,29.203012048192768,75,0.15,1,,1008.3333333333334,978.0,311.0,2083.0,21175.0,536.7740058286479,0.3804905875641757,1.035507173033207
ID199210,199210,213,134.42193603515625,19.126681127611644,15.40717079003538,1.3958630707437705,29.592385542168675,76,0.15,1,,1001.5714285714286,840.0,511.0,1632.0,21033.0,368.6132894279005,0.23795986474436506,1.0445712842867272
ID199022,199022,213,114.36981201171875,19.495605749938285,15.013923171155085,0.9239887303764796,26.477397590361445,68,0.15,1,,769.5238095238095,811.0,183.0,1264.0,16160.0,324.3426612469625,0.0873185419435146,0.3810637725548216
ID199085,199085,213,178.72698974609375,19.060274129018712,15.142136323301612,1.021758573552845,26.088024096385542,67,0.15,1,,1165.952380952381,1041.0,416.0,2311.0,24485.0,546.430185494037,0.2742582656348393,0.9184983762225104
ID199117,199117,213,149.48553466796875,19.605493463886184,14.939967690647972,0.27675115582466825,27.25614457831325,70,0.15,1,,1109.3809523809523,1146.0,271.0,2284.0,23297.0,589.13635740722,0.21216693636084555,0.6591892964499996
ID199187,199187,213,124.2587890625,19.248058285390385,15.32830040529524,0.999786805438214,28.424265060240963,73,0.15,1,,969.8571428571429,941.0,245.0,1568.0,20367.0,388.7323353818519,0.22605986726263044,0.9200234315253053
ID199155,199155,213,157.9874267578125,19.30073660798713,15.186043417223466,1.1941849921880898,28.813638554216865,74,0.15,1,,1026.3333333333333,926.0,174.0,1717.0,21553.0,486.4361554544783,0.15249596949920188,0.558356443819438
ID199002,199002,213,149.54132080078125,18.459021472511356,15.017823910727385,1.4271153507261585,25.309277108433733,65,0.15,1,,927.2857142857143,830.0,216.0,1783.0,19473.0,520.1495114731093,0.23146681338278677,0.6701644557898147
ID199290,199290,213,161.79150390625,19.044988585894203,14.8045807629042,1.4843471331943257,31.539253012048192,81,0.15,1,,1109.5714285714287,1101.0,369.0,2254.0,23301.0,536.4767069900213,0.33117383927194205,1.0290954054338532
ID199229,199229,213,145.88201904296875,18.794100248232237,15.151920982591937,0.9008705578746942,30.760506024096383,79,0.15,1,,914.2380952380952,783.0,274.0,1708.0,19199.0,424.92539401192585,0.2606123480784509,0.8895903354717244
ID199068,199068,213,229.19140625,18.87142110090084,15.168142232982923,1.3277233654416454,25.698650602409636,66,0.15,1,,1430.6190476190477,1348.0,588.0,2823.0,30043.0,633.4009374946074,0.3406397747378896,1.1477797377130523
ID199100,199100,213,123.99554443359375,19.602215216108902,15.146341841529967,1.2417431739312346,27.645518072289157,71,0.15,1,,806.8571428571429,803.0,275.0,1511.0,16944.0,367.0925340720355,0.1931218048924754,0.7115372167954364
ID199139,199139,222,156.45294189453125,16.39916612464759,4.816787460819657,2.402219387447882,28.03489156626506,72,0.15,1,,1168.904761904762,1075.0,233.0,2515.0,24547.0,642.8167627529563,0.41962795996796043,1.0750082657674989
ID199171,199171,222,157.1915283203125,16.010634712891957,4.989891037107759,1.94744270698518,29.203012048192768,75,0.15,1,,1115.2380952380952,1206.0,206.0,2691.0,23420.0,723.4910438120091,0.2862478031634446,0.6860913574901574
ID199121,199121,222,133.286865234375,16.573615302103647,5.061203811578831,1.9044236516248416,27.25614457831325,70,0.15,1,,785.5238095238095,774.0,141.0,1645.0,16496.0,450.33616544173077,0.12463653500683468,0.38662123358167627
ID199207,199207,222,137.6055908203125,16.01866168932224,4.973528369300986,1.5445739906967049,29.592385542168675,76,0.15,1,,884.2380952380952,707.0,370.0,1564.0,18569.0,347.158307514296,0.15397402952517963,0.6797091170199044
ID199255,199255,222,161.0291748046875,16.123198302266502,5.038282284470761,1.8248226074337404,29.981759036144577,77,0.15,1,,932.1904761904761,914.0,258.0,1828.0,19576.0,438.19101075302984,0.13957394045411808,0.5211143392814114
ID199271,199271,222,110.5316162109375,16.173707490372593,5.0896415094860625,1.4628764329412591,30.37113253012048,78,0.15,1,,1002.952380952381,937.0,255.0,1962.0,21062.0,512.0981816205244,0.23420039495350217,0.7432912455060349
ID199317,199317,222,205.67987060546875,16.16411161181542,5.143845793231652,1.9456344134917658,31.14987951807229,80,0.15,1,,1408.095238095238,1131.0,176.0,2746.0,29570.0,802.9687356779158,0.35909344744141575,0.9266624207389011
ID199049,199049,222,131.610107421875,16.63758630937093,4.745268178528949,2.633740751846115,26.866771084337348,69,0.15,1,,964.8571428571429,997.0,278.0,1773.0,20262.0,425.6709158157609,0.13242345997786792,0.5301211205014812
ID199161,199161,222,166.42181396484375,16.30667383546091,4.888114234332268,2.4387812047891897,28.813638554216865,74,0.15,1,,1132.142857142857,1154.0,185.0,2362.0,23775.0,624.4778847736951,0.2760544557245333,0.7844038501385386
ID199192,199192,222,143.1392822265625,16.336661265006974,4.875117202494886,2.5125834757747314,28.424265060240963,73,0.15,1,,847.952380952381,877.0,191.0,1471.0,17807.0,342.3056348046985,0.05765832652758186,0.2700872306853184
ID199231,199231,222,165.17535400390625,16.17046769335963,5.1866446702445534,1.4200795942989262,30.760506024096383,79,0.15,1,,1267.0,1223.0,306.0,2308.0,26607.0,570.971540446632,0.3144322257462134,1.0616491114377822
ID199293,199293,222,160.5330810546875,16.161360510643757,5.070437109759409,2.173629074441147,31.539253012048192,81,0.15,1,,1052.6190476190477,1045.0,251.0,1954.0,22105.0,480.71181347980996,0.26337387407983176,0.9129715105173373
ID199170,199170,236,137.17724609375,10.86442491319445,9.20713975694445,1.5,29.203012048192768,75,0.15,1,,991.1904761904761,988.0,390.0,1685.0,20815.0,430.5763136829079,0.0801792428106975,0.3417457355909827
ID199232,199232,236,187.16754150390625,10.518557166548181,9.205360017040904,1.6235139671592833,30.760506024096383,79,0.15,1,,1310.904761904762,1065.0,785.0,2256.0,27529.0,481.12866312057366,0.2675339744135773,1.1501625924488126
ID199159,199159,236,114.20806884765625,10.495869852451003,9.40086116838885,1.8798766452521218,28.813638554216865,74,0.15,1,,966.2380952380952,935.0,507.0,1680.0,20291.0,338.2980793267832,0.09498780408832858,0.49553368902270084
ID199190,199190,236,163.87060546875,10.580079169528569,9.49898313583189,2.1405451168566887,28.424265060240963,73,0.15,1,,1065.0,1024.0,371.0,2165.0,22365.0,496.90149929337105,0.1832488155607933,0.6638567785376559
ID199318,199318,236,201.8770751953125,10.725413443448677,9.409745325304852,1.927844124036128,31.14987951807229,80,0.15,1,,1479.8095238095239,1637.0,534.0,2476.0,31076.0,619.6679448743189,0.26246940412955383,0.9929665216656011
ID199205,199205,236,176.20782470703125,10.466114727541418,9.29682648458728,1.083442154040913,29.592385542168675,76,0.15,1,,1352.7142857142858,1230.0,741.0,2234.0,28407.0,471.4470429281684,0.18706749573763914,0.9043282030041633
ID199253,199253,236,199.6737060546875,10.25184046449668,9.604122766427032,1.2096872092310325,29.981759036144577,77,0.15,1,,1449.095238095238,1443.0,360.0,2530.0,30431.0,640.3287362567688,0.21958159666559793,0.8149088027189219
ID199337,199337,236,181.7835693359375,10.677641147998179,9.69088162675802,1.9744500251994517,31.928626506024095,82,0.15,1,,1230.7619047619048,1230.0,499.0,2253.0,25846.0,556.2561374728285,0.1737164888411559,0.6549483647483234
ID199272,199272,236,205.801513671875,10.515324419895984,9.370522835641387,1.3742786807365597,30.37113253012048,78,0.15,1,,1289.5714285714287,1279.0,464.0,2305.0,27081.0,591.103000451577,0.18054783592386017,0.6672997038443724
ID199295,199295,236,144.6722412109375,10.874207158086772,9.570737251743434,2.3504828962707682,31.539253012048192,81,0.15,1,,1028.0,895.0,505.0,1890.0,21588.0,399.18617210519704,0.21111139161680673,0.8977909039175568
